match_id,time_ms,x,y,type
18,525610,961,555,1
18,551160,1269,475,1
18,575640,941,472,1
18,577420,1284,903,1
18,600550,1011,470,1
18,602160,1102,742,1
18,603340,1142,413,1
18,604660,677,664,1
18,606410,816,435,1
18,607510,619,721,1
18,609710,1204,691,1
18,646070,936,478,1
18,647450,1144,907,1
18,725060,675,449,1
18,761350,1060,467,1
18,764090,852,353,1
18,765500,1402,733,1
18,767260,1226,372,1
18,768520,843,691,1
18,769830,712,380,1
18,796550,906,458,1
18,798070,770,791,1
18,799240,1112,362,1
18,800330,715,678,1
18,801620,1109,479,1
18,804460,722,356,1
18,838610,1010,460,1
18,858680,1245,457,1
18,860040,940,705,1
18,861230,1152,394,1
18,862930,543,836,1
18,864000,1189,476,1
18,865700,1527,832,1
18,914880,1070,473,1
18,916300,451,808,1
18,945030,589,679,1
18,946430,853,453,1
18,947580,1308,760,1
18,950120,1180,352,1
18,991480,1147,633,1
18,992660,1103,417,1
18,993960,852,699,1
18,995310,733,359,1
18,997260,1083,779,1
18,998440,681,387,1
18,1032140,847,642,1
18,1033390,861,455,1
18,1034510,1291,732,1
18,1067310,1020,671,1
18,1069020,965,370,1
18,1070220,1300,792,1
18,1071730,1120,443,1
18,1073050,628,808,1
18,1074710,918,301,1
18,1107510,630,658,1
18,1255600,1336,680,1
18,1257040,864,381,1
18,1258280,588,819,1
18,1259580,1071,428,1
18,1260760,553,766,1
18,1262210,1344,428,1
18,1263640,727,647,1
18,1296370,686,657,1
18,1297640,1106,407,1
18,1298840,1265,828,1
18,1300260,840,405,1
18,1301410,568,727,1
18,1329010,1057,690,1
18,1330340,834,400,1
18,1331430,1294,765,1
18,1333440,580,291,1
18,1354860,827,657,1
18,1356020,849,425,1
18,1357130,587,641,1
18,1358920,886,428,1
18,1359990,1277,784,1
18,1395940,992,462,1
18,1407350,748,451,1
18,1409700,773,391,1
18,1412700,1176,350,1
18,1414470,864,866,1
18,1445190,974,426,1
18,1446960,1295,668,1
18,1462080,1073,432,1
18,1464660,982,325,1
18,1492920,678,447,1
18,1526200,983,432,1
18,1538400,1059,453,1
18,1539510,706,675,1
18,1541200,821,415,1
18,1542390,1224,728,1
18,1543830,1136,380,1
18,1545200,789,681,1
18,1546650,679,371,1
18,1549470,699,878,1
18,1582930,945,453,1
18,1609000,1041,445,1
18,1771880,1025,464,1
18,1773280,1121,759,1
18,1774370,1157,416,1
18,1775690,641,750,1
18,1776860,1252,444,1
18,1778410,526,731,1
18,1810380,701,451,1
18,1811660,1049,696,1
18,1812790,1316,451,1
18,1846850,1253,461,1
18,1849580,1259,417,1
18,1879520,709,461,1
18,1881000,1169,772,1
18,1882040,1246,470,1
18,1883670,1274,796,1
18,1885100,1259,389,1
18,1886280,678,715,1
18,1887580,718,362,1
18,1920200,981,455,1
18,1979560,1170,626,1
18,1980760,1148,440,1
18,1982220,1020,802,1
18,1983340,1038,399,1
18,1984530,1164,746,1
18,1985760,708,425,1
18,1988870,1143,382,1
18,1990270,625,736,1
18,1991640,1129,430,1
18,1992900,641,649,1
18,2025990,606,677,1
18,2027300,1269,420,1
18,2028920,1278,795,1
18,2030000,884,435,1
18,2031350,524,792,1
18,2064710,964,667,1
18,2093860,513,725,1
18,2110940,695,658,1
18,2112580,1257,379,1
18,2113730,899,699,1
18,2115000,763,389,1
18,2116350,1212,741,1
18,2117680,1467,419,1
18,2282860,1039,631,1
18,2284220,791,409,1
18,2285290,1042,696,1
18,2286480,928,420,1
18,2288370,701,808,1
18,2289380,772,441,1
18,2291240,1171,728,1
18,2292340,1226,413,1
18,2293790,499,733,1
18,2326370,739,653,1
18,2349620,985,662,1
18,2351990,831,365,1
18,2353050,1219,652,1
18,2355370,720,606,1
18,2382540,717,665,1
18,2384030,538,468,1
18,2406130,1361,689,1
18,2407620,1193,671,1
18,2418980,1238,645,1
18,2420220,838,389,1
18,2421470,486,758,1
18,2423180,733,457,1
18,2451940,601,623,1
18,2454000,1518,554,1
18,2501800,928,442,1
18,2503130,947,605,1
18,2504450,696,390,1
18,2506660,1277,366,1
18,2535080,987,427,1
18,2564940,670,414,1
18,2576730,810,442,1
18,2577860,796,700,1
18,2579080,842,406,1
18,2580340,1251,724,1
18,2581660,734,376,1
18,2582780,753,653,1
18,2584320,779,410,1
18,2585550,1233,777,1
18,2587090,996,340,1
18,2618570,954,444,1
18,2621140,975,855,1
18,2660650,696,440,1
18,2662600,732,414,1
18,2813780,962,475,1
18,2815180,1203,745,1
18,2835680,652,442,1
18,2862160,1003,447,1
18,2884380,965,449,1
18,2908250,902,465,1
18,2909520,581,736,1
18,2940420,644,886,1
18,2963390,920,468,1
18,2964740,919,627,1
18,2966500,854,496,1
18,3006950,998,688,1
18,3031580,964,659,1
18,3033780,1228,388,1
18,3063080,867,660,1
18,3064520,1276,379,1
18,3092950,1298,643,1
18,3094340,654,559,1
18,3134530,734,632,1
18,3265730,870,662,1
18,3281750,1254,648,1
18,3311080,608,758,1
18,3312670,861,613,1
18,3428620,779,500,1
18,3430370,1287,809,1
18,3431490,743,439,1
18,3432510,707,692,1
18,3434500,866,434,1
18,3435570,1169,705,1
18,3490940,846,668,1
18,3492330,1001,415,1
18,3493450,1158,700,1
18,3494920,826,434,1
18,3496150,761,715,1
18,3497480,841,423,1
18,3498670,1159,714,1
18,3500110,816,441,1
18,3501340,838,742,1
18,3502600,987,438,1
18,3503930,758,722,1
18,3505270,1008,453,1
18,3506510,687,733,1
18,3507870,996,464,1
18,3508980,786,688,1
18,3510460,783,464,1
18,3511820,641,649,1
18,3513280,725,439,1
18,3514900,1066,708,1
18,3516050,737,422,1
18,3517380,569,817,1
18,3560810,1392,709,1
18,3582300,1275,677,1
18,3583360,882,428,1
18,3585360,646,915,1
18,3623930,996,489,1
18,3625560,802,812,1
18,3626660,1188,441,1
18,3628150,701,720,1
18,3629430,1210,389,1
18,3668430,963,488,1
18,3686050,809,483,1
18,3687560,742,766,1
18,3688760,652,403,1
18,3829310,716,445,1
18,3830650,1261,706,1
18,3831860,1265,376,1
18,3879940,868,673,1
18,3881620,944,408,1
18,3882760,1288,742,1
18,3885360,597,672,1
18,3924240,1013,648,1
18,3925750,890,493,1
18,3927000,690,739,1
18,3983670,1008,432,1
18,3985230,1002,835,1
18,4025130,707,443,1
18,4026290,1004,730,1
18,4027490,874,400,1
18,4485390,1229,657,1
18,4486590,913,416,1
18,4487680,1104,762,1
18,4488960,1103,399,1
18,4490230,624,683,1
18,4491750,1037,427,1
18,4492820,1228,677,1
18,4494390,827,459,1
18,4495840,1238,766,1
18,4497110,747,432,1
18,4498540,1405,751,1
18,4500710,822,342,1
18,4552220,610,681,1
18,4553920,1228,433,1
18,4586500,1351,670,1
18,4615130,748,645,1
18,4616720,804,344,1
18,4617780,1275,681,1
18,4619200,579,471,1
18,4620780,653,828,1
18,4710760,1316,653,1
18,4745430,333,746,1
18,4773620,1396,666,1
18,4784790,1324,820,1
18,4816030,607,656,1
18,4844720,1359,660,1
18,4845950,812,467,1
18,4877630,599,700,1
18,4878980,990,341,1
18,4890720,932,430,1
18,4892070,1594,800,1
18,4942770,682,451,1
18,4965790,1165,465,1
18,4968290,1221,427,1
18,4969740,788,682,1
18,4970990,705,392,1
18,4999810,940,450,1
18,5001760,1125,771,1
18,5002870,1233,417,1
18,5005030,761,685,1
18,5006490,706,502,1
18,5039030,1031,410,1
18,5050690,1219,469,1
18,5053180,772,325,1
18,5081110,949,446,1
18,5218710,917,458,1
18,5220270,1156,873,1
18,5240090,1235,430,1
18,5273860,662,450,1
18,5275280,1285,940,1
18,5296260,1217,401,1
18,5297830,1256,872,1
18,5306630,1060,445,1
18,5307620,1272,688,1
18,5330990,833,452,1
18,5332840,800,595,1
18,5336120,1242,645,1
18,5338770,787,721,1
18,5340330,1400,439,1
18,5377510,1037,454,1
18,5379930,684,456,1
18,5426110,1277,653,1
18,5427230,836,397,1
18,5429230,1313,393,1
18,5453510,889,659,1
18,5455070,1118,378,1
18,5473600,517,659,1
18,5488650,890,644,1
18,5489900,1042,356,1
18,5491160,1154,772,1
18,5492220,742,432,1
18,5494160,727,760,1
18,5495390,1171,410,1
18,5496720,752,671,1
18,5498070,668,380,1
18,5537430,1332,696,1
18,5555410,1000,631,1
18,5556630,1010,447,1
18,5594180,700,683,1
18,5624630,1333,652,1
18,5626040,788,343,1
18,5652920,516,703,1
18,5671450,688,647,1
18,5672700,851,369,1
18,5674000,1255,731,1
18,5675210,752,414,1
18,5678250,1092,411,1
18,5679500,1092,669,1
18,5680780,713,379,1
18,5683010,803,399,1
18,5684450,532,751,1
18,5685920,1132,419,1
18,5687080,1179,725,1
18,5688310,1259,431,1
18,5729140,1029,644,1
18,5730890,730,309,1
18,5790540,830,654,1
18,5791820,1011,398,1
18,5812390,867,636,1
18,5813590,1033,379,1
18,5814600,1376,766,1
18,5942160,1255,636,1
18,5963840,924,658,1
18,5965350,1158,380,1
18,5967610,544,660,1
18,5969100,771,348,1
18,6003690,1314,646,1
18,6004930,973,443,1
18,6006130,525,678,1
18,6040710,685,621,1
18,6041970,703,399,1
18,6066880,1018,694,1
18,6068520,744,285,1
18,6077800,1165,635,1
18,6079260,1115,395,1
18,6080410,829,735,1
18,6081500,854,407,1
18,6082760,528,844,1
18,6107860,522,649,1
18,6119810,1086,370,1
18,6165500,943,441,1
18,6187480,1004,444,1
18,6188660,849,695,1
18,6189720,1163,409,1
18,6191560,584,851,1
18,6192380,750,408,1
18,6214000,711,450,1
18,6215560,895,695,1
18,6216520,1195,428,1
18,6218330,1574,848,1
18,6245500,1260,449,1
21,647360,897,488,1
21,648880,916,715,1
21,650160,1212,351,1
21,652830,473,695,1
21,654630,1008,416,1
21,656230,1300,787,1
21,680880,612,597,1
21,682140,980,262,1
21,707950,930,383,1
21,716890,839,404,1
21,718120,774,603,1
21,720010,1119,302,1
21,784860,871,349,1
21,792670,736,398,1
21,795000,1119,296,1
21,796460,1028,646,1
21,797600,1201,331,1
21,799040,1559,802,1
21,827500,972,383,1
21,849440,916,374,1
21,851120,893,639,1
21,852100,780,342,1
21,854170,965,322,1
21,855140,682,626,1
21,893020,1214,400,1
21,894770,720,604,1
21,956310,625,397,1
21,965160,819,387,1
21,966400,800,637,1
21,968010,923,283,1
21,984410,1224,371,1
21,986360,299,869,1
21,1003890,949,394,1
21,1030310,1191,357,1
21,1047670,953,385,1
21,1077910,1457,612,1
21,1086110,1202,617,1
21,1108210,966,591,1
21,1146320,950,669,1
21,1154520,642,619,1
21,1155850,1198,352,1
21,1156930,1415,707,1
21,1271140,1106,637,1
21,1272200,844,358,1
21,1273750,1364,429,1
21,1279780,1257,570,1
21,1280920,1061,335,1
21,1282070,756,676,1
21,1283530,1110,300,1
21,1285200,579,786,1
21,1286380,1070,364,1
21,1287770,763,590,1
21,1289470,1064,299,1
21,1290630,1368,684,1
21,1293170,1205,264,1
21,1309980,581,576,1
21,1310990,632,480,1
21,1326170,944,571,1
21,1335580,1320,606,1
21,1352780,567,591,1
21,1354730,1065,362,1
21,1355750,1263,613,1
21,1386430,844,365,1
21,1388070,653,754,1
21,1389380,1081,322,1
21,1390500,757,626,1
21,1391800,1106,322,1
21,1392800,751,616,1
21,1394270,1091,319,1
21,1395420,655,709,1
21,1396770,1113,309,1
21,1397760,1313,652,1
21,1421830,1084,377,1
21,1423090,1245,593,1
21,1453930,891,360,1
21,1455900,352,292,1
21,1466680,665,380,1
21,1467790,764,606,1
21,1469050,1114,345,1
21,1470840,1214,649,1
21,1471920,787,352,1
21,1474040,1163,338,1
21,1502620,1179,372,1
21,1504320,872,518,1
21,1505740,1155,276,1
21,1536300,672,401,1
21,1561430,1204,378,1
21,1582290,661,358,1
21,1584480,1711,552,1
21,1591390,792,368,1
21,1593450,613,753,1
21,1594600,734,367,1
21,1596170,750,740,1
21,1597270,1146,332,1
21,1598490,1207,627,1
21,1599810,761,300,1
21,1601090,563,720,1
21,1602250,1142,345,1
21,1604070,1195,682,1
21,1605100,1168,336,1
21,1608110,656,335,1
21,1609820,1273,691,1
21,1641310,970,361,1
21,1643060,842,698,1
21,1644040,1194,344,1
21,1646720,691,326,1
21,1647880,627,623,1
21,1770870,774,390,1
21,1772950,1430,606,1
21,1780710,895,375,1
21,1782080,561,763,1
21,1783000,1113,383,1
21,1784540,638,642,1
21,1786260,1142,309,1
21,1787420,689,563,1
21,1789060,1201,305,1
21,1790540,908,653,1
21,1791740,825,315,1
21,1793140,723,583,1
21,1794960,724,285,1
21,1796560,664,732,1
21,1798100,1136,347,1
21,1799310,1280,648,1
21,1800620,715,332,1
21,1825510,1235,398,1
21,1826820,710,601,1
21,1827950,708,348,1
21,1846950,678,361,1
21,1848080,495,574,1
21,1849680,1335,316,1
21,1865560,1169,360,1
21,1873960,1132,390,1
21,1907190,1047,561,1
21,1908750,1130,328,1
21,1909930,1247,606,1
21,1912440,731,288,1
21,1913720,1021,659,1
21,1914720,786,365,1
21,1916360,653,694,1
21,1917570,1186,306,1
21,1918850,1147,622,1
21,1920020,1160,344,1
21,1948360,864,571,1
21,1949980,894,316,1
21,1951060,619,678,1
21,1952910,833,311,1
21,1953970,1149,639,1
21,1955170,967,329,1
21,1982490,1309,550,1
21,1984190,422,342,1
21,2005100,920,639,1
21,2006460,1143,319,1
21,2016370,602,627,1
21,2017970,1054,308,1
21,2043890,1022,620,1
21,2073500,593,586,1
21,2074810,1096,384,1
21,2235360,990,757,1
21,2236910,1087,721,1
21,2251430,844,609,1
21,2252560,1104,360,1
21,2253550,836,632,1
21,2254920,1071,305,1
21,2256200,711,640,1
21,2257390,1137,289,1
21,2258600,880,842,1
21,2260060,1493,342,1
21,2289200,1356,616,1
21,2290450,1209,280,1
21,2305570,962,624,1
21,2350360,1015,624,1
21,2352260,1077,313,1
21,2353480,596,679,1
21,2355450,1224,322,1
21,2356650,747,686,1
21,2358060,1179,338,1
21,2359030,782,599,1
21,2360310,986,374,1
21,2362400,1146,846,1
21,2363570,1212,342,1
21,2365420,769,681,1
21,2366640,777,336,1
21,2367940,682,675,1
21,2369760,1178,293,1
21,2396070,901,609,1
21,2423720,1369,601,1
21,2447230,1005,604,1
21,2455600,563,600,1
21,2457310,1067,365,1
21,2458360,1267,686,1
21,2487940,675,368,1
21,2489370,1101,753,1
21,2490470,1094,339,1
21,2491770,967,620,1
21,2492920,769,351,1
21,2494640,887,676,1
21,2495640,1136,365,1
21,2497710,776,669,1
21,2498800,700,315,1
21,2501350,1127,325,1
21,2530970,1042,365,1
21,2532180,489,738,1
21,2533220,1061,325,1
21,2534370,1302,869,1
21,2535510,685,298,1
21,2554470,733,383,1
21,2566060,702,375,1
21,2567100,504,671,1
21,2569400,1199,345,1
21,2570350,848,584,1
21,2571890,1003,313,1
21,2593710,1364,324,1
21,2602390,979,387,1
21,2603980,737,698,1
21,2605630,1145,403,1
21,2735960,980,292,1
21,2763720,1212,370,1
21,2765940,880,856,1
21,2787640,894,358,1
21,2788580,1026,336,1
21,2797300,674,367,1
21,2798760,1026,757,1
21,2799990,1104,286,1
21,2829330,865,377,1
21,2831250,1133,315,1
21,2858120,898,371,1
21,2859520,831,627,1
21,2860600,1113,302,1
21,2862560,708,316,1
21,2913860,485,659,1
21,2922830,871,604,1
21,2924790,1042,302,1
21,2925960,1302,642,1
21,2927610,950,309,1
21,2928780,678,694,1
21,2930090,1133,331,1
21,2931190,1173,633,1
21,2932570,1124,351,1
21,2954940,1304,596,1
21,2984210,891,599,1
21,3002460,1333,597,1
21,3144300,1031,568,1
21,3145940,1093,328,1
21,3147090,468,753,1
21,3149330,1029,328,1
21,3150390,1315,747,1
21,3187090,579,593,1
21,3204490,610,590,1
21,3233660,1276,563,1
21,3235860,468,673,1
21,3272880,776,584,1
21,3325390,952,570,1
21,3327010,1198,279,1
21,3356400,666,383,1
21,3372880,1152,331,1
21,3381500,1196,375,1
21,3383000,1266,715,1
21,3384160,1116,352,1
21,3385570,845,629,1
21,3386790,1087,329,1
21,3388020,1091,607,1
21,3389360,1150,326,1
21,3390830,1107,699,1
21,3391950,761,377,1
21,3394880,1168,341,1
21,3397070,813,372,1
21,3422170,957,374,1
21,3467360,924,380,1
21,3771800,959,394,1
21,3792880,1156,370,1
21,3794420,736,662,1
21,3795620,851,289,1
21,3796810,579,756,1
21,3798190,1202,397,1
21,3801640,662,607,1
21,3830690,682,401,1
21,3831910,1005,596,1
21,3848180,952,400,1
21,3874690,988,394,1
21,3876300,1077,807,1
21,3877300,1182,362,1
21,3878730,1467,684,1
21,3904590,700,387,1
21,3906840,1075,349,1
21,3908180,869,718,1
21,3909100,1080,371,1
21,3910400,799,668,1
21,3935480,988,393,1
21,3965590,1132,678,1
21,3973510,1021,540,1
21,3974570,1133,347,1
21,3975670,753,626,1
21,3977030,1152,311,1
21,3977990,802,568,1
21,3998340,750,548,1
21,4024450,697,578,1
21,4025700,1006,338,1
21,4026830,1123,696,1
21,4028030,1132,334,1
21,4029650,681,745,1
21,4030820,1153,380,1
21,4032210,936,596,1
21,4052560,921,691,1
21,4062110,1054,565,1
21,4063220,1029,322,1
21,4064520,668,783,1
21,4065760,1245,344,1
21,4068660,1319,345,1
21,4093510,891,593,1
21,4239540,1044,596,1
21,4241080,1171,339,1
21,4242600,360,727,1
21,4280810,583,619,1
21,4282450,1188,383,1
21,4285750,930,341,1
21,4312560,1044,599,1
21,4314330,1044,329,1
21,4315710,1058,731,1
21,4316910,1124,355,1
21,4318120,851,656,1
21,4319410,1320,368,1
21,4341850,600,627,1
21,4343350,1178,329,1
21,4352930,636,594,1
21,4354500,1248,360,1
21,4385220,1074,599,1
21,4386880,1003,345,1
21,4388000,1389,684,1
21,4389980,815,325,1
21,4391250,604,807,1
21,4392980,1026,345,1
21,4394110,1270,684,1
21,4421810,653,596,1
21,4423370,1070,367,1
21,4424730,725,656,1
21,4425920,1107,335,1
21,4426970,727,622,1
21,4428080,1021,348,1
21,4429380,1414,816,1
28,1141970,856,353,0
28,918410,750,102,0
28,920090,859,756,1
28,4221830,942,372,0
28,676940,828,443,0
28,677420,1091,271,1
28,1249330,1185,153,0
28,1250370,654,629,1
28,1406240,918,275,0
28,1406480,794,560,1
28,1635710,762,738,0
28,1636470,1046,283,1
28,4102860,996,366,0
28,4103020,1045,328,1
28,1406620,726,594,0
28,1406460,803,557,1
28,816000,1062,246,0
28,816200,1107,243,1
28,634890,859,250,0
28,634850,860,269,1
28,1647280,1172,154,0
28,1647840,1152,343,0
28,3786060,822,468,0
28,3786340,695,764,1
28,4429810,819,584,0
28,4429890,802,682,1
28,771500,1159,210,0
28,771340,1124,277,1
28,4054350,978,372,0
28,4054470,949,338,1
28,710270,1064,142,0
28,711230,860,550,1
28,3901180,928,369,0
28,3901500,876,663,1
28,3248620,1064,250,0
28,3249100,864,602,1
28,1795890,822,504,0
28,1796330,1146,302,1
28,1252100,1269,169,0
28,2873340,865,431,0
28,2873540,876,645,1
28,4277670,1048,623,0
28,4277550,1010,565,1
28,2496100,624,617,0
28,2112650,1038,264,0
28,2113170,738,778,1
28,1520730,989,295,1
28,3646900,726,402,0
28,3647340,806,290,1
28,4454410,618,621,1
28,1159000,888,426,0
28,1159040,874,487,0
28,1159120,832,603,1
28,3601560,949,241,0
28,3601800,1043,545,1
28,2043630,1014,240,0
28,2587650,805,231,0
28,2587690,800,213,0
28,2587730,796,196,0
28,2587570,817,262,1
28,1771130,999,617,0
28,1772290,1170,206,1
28,3633700,872,248,0
28,3633780,817,334,0
28,3633980,684,573,1
28,4427060,969,261,0
28,4427260,917,542,1
28,3205620,1206,468,0
28,3204940,1250,708,1
28,3149600,942,282,0
28,3150040,848,630,1
28,668890,1074,558,0
28,669090,1215,761,1
28,604050,1000,489,0
28,604170,939,436,0
28,2869330,1044,439,0
28,2870290,915,230,1
28,4114130,950,263,0
28,4114690,656,768,1
28,2532730,1122,170,0
28,2533450,985,620,1
28,4277530,1002,552,1
28,2532370,1122,234,0
28,2533450,986,620,1
28,1795630,822,462,0
28,2877320,829,189,0
28,2878200,902,670,1
28,1101090,1107,740,0
28,1101930,1040,205,0
28,1102130,1031,212,0
28,1102250,1027,227,1
28,962460,569,895,0
28,964660,690,816,1
28,3202640,1347,840,0
28,3203880,1091,303,1
28,3601460,925,144,0
28,3601820,1049,548,1
28,913930,1103,216,0
28,914530,943,732,1
28,4265020,978,467,0
28,631320,969,384,0
28,631480,958,508,0
28,631600,949,613,1
28,3145580,1206,522,0
28,3146620,930,239,1
28,3144560,996,255,0
28,3144920,1168,652,1
28,2582600,1110,288,0
28,2583000,1087,240,1
28,2357230,925,232,0
28,2357270,902,271,0
28,2357510,763,565,1
28,3819040,656,649,0
28,3820560,726,337,1
28,3197490,1056,684,0
28,3197450,1050,685,1
28,2997960,999,605,0
28,4407690,1062,344,0
28,4408730,681,210,1
28,4278760,846,252,0
28,4278600,863,321,1
28,2938460,1059,181,0
28,2939180,1300,663,1
28,811770,984,252,0
28,812410,861,727,1
28,2483860,945,340,0
28,2484100,849,296,1
28,3788930,737,698,0
28,633230,871,225,0
28,633750,903,621,1
28,758600,869,454,0
28,759280,1023,288,1
28,3933150,969,420,0
28,3933390,893,651,1
28,3644040,1120,774,0
28,3644360,1115,493,0
28,3645000,1107,249,1
28,3891980,1073,469,0
28,3892260,1049,517,0
28,3892300,1040,513,0
28,3892340,1019,472,0
28,3892540,935,358,0
28,3892500,950,373,0
28,3892700,883,335,1
28,1647530,1164,198,0
28,2533020,1062,294,0
28,2532940,1079,254,0
28,2532860,1094,218,0
28,2533420,987,616,1
28,1194810,798,814,0
28,1195530,804,305,1
28,3896640,588,696,0
28,3897560,966,291,1
28,1102470,1021,150,0
28,1102910,936,247,0
28,1103230,842,486,0
28,1103390,791,642,1
28,3605030,570,876,0
28,3605270,819,539,0
28,3605790,1082,298,0
28,3606110,1169,289,1
28,4117810,1098,282,0
28,4118290,1030,326,1
28,709900,1132,141,0
28,711220,861,552,1
28,1061830,876,276,0
28,1061990,886,269,1
28,1594710,988,442,0
28,1516100,1128,174,0
28,1517020,1019,752,1
28,3132640,1049,251,0
28,1141480,891,424,0
28,1141640,877,468,1
28,1796380,1162,263,0
28,1796340,1149,293,1
28,3643980,1110,756,0
28,3644340,1117,514,0
28,3644980,1106,251,1
28,767660,924,552,1
28,737900,600,942,0
28,2063910,900,306,0
28,2064110,783,596,1
28,3203900,1086,294,1
28,2075400,1001,259,0
28,2075800,876,607,1
28,2357670,680,606,0
28,2358670,986,223,1
28,1227580,677,448,0
28,1227460,549,594,0
28,2148550,1023,252,0
28,2148990,1070,225,1
28,1104690,1170,252,0
28,1104650,1165,272,1
28,3257280,803,675,0
28,3257360,763,748,1
28,1101530,1071,317,0
28,1102250,1027,226,1
28,3197590,1074,690,0
28,3197990,1112,518,0
28,3198470,1118,292,1
28,3328370,876,294,0
28,3329370,1154,728,1
28,1893040,816,468,0
28,1893600,1019,388,0
28,1893840,1124,346,1
28,4142400,1098,468,0
28,4142920,1086,504,0
28,4142960,1085,518,0
28,4143000,1063,508,0
28,4143160,881,374,0
28,4143400,736,306,1
28,1245960,1062,294,0
28,1246560,1041,237,1
28,2346170,1032,84,0
28,2347170,987,262,0
28,818810,762,204,0
28,818730,774,239,1
28,1527860,888,390,0
28,1528300,949,281,1
28,2071270,954,682,0
28,2071350,924,754,1
28,2968590,1104,582,0
28,2969430,972,430,0
28,919980,849,687,0
28,920060,859,762,1
28,3246140,921,250,0
28,3246340,876,350,0
28,3246420,857,403,0
28,3246780,751,747,1
28,2347650,840,366,0
28,2917170,990,282,0
28,2917130,987,302,1
28,711610,816,486,0
28,712410,758,298,1
28,1514220,887,621,0
28,1515340,1013,383,0
28,1515620,1110,324,1
28,2405470,1146,198,0
28,1804490,1214,405,0
28,1804810,1301,697,1
28,2875710,1073,342,0
28,2876070,1313,666,1
28,3092740,847,284,0
28,3093620,1115,284,1
28,1102490,1021,144,0
28,1103330,810,594,0
28,1103370,797,641,1
28,3708800,900,192,0
28,3709520,1257,648,1
28,672490,1080,276,0
28,672570,1094,273,1
28,767210,1117,240,0
28,767690,916,561,1
28,2042510,983,475,0
28,2042590,1011,601,1
28,4117510,1155,345,0
28,4118310,1027,326,1
28,3509970,936,264,0
28,1183120,902,160,0
28,1797850,658,544,0
28,1798890,1084,258,1
28,3893710,804,594,0
28,3893750,806,643,1
28,2932040,1121,715,0
28,2933040,1156,271,1
28,4053610,1104,456,0
28,4054210,1051,465,0
28,4054490,943,333,1
28,3895470,1194,162,0
28,3896470,697,662,1
28,1433470,749,176,0
28,1433990,671,665,1
28,4119870,480,432,0
28,1140660,1030,491,0
28,1525000,855,732,0
28,1525840,1102,272,1
28,1770150,823,169,0
28,1770990,966,585,1
28,3899730,942,312,0
28,3900330,1014,227,1
28,4172230,993,339,0
28,2070050,1170,258,1
28,1061980,887,271,1
28,1770210,811,144,0
28,1770970,962,583,1
28,3092460,687,432,0
28,3093620,1114,286,1
28,3783780,663,721,0
28,3784820,1028,284,1
28,3707400,546,432,0
28,4484140,1014,24,0
28,1066080,902,337,0
28,1066640,932,239,1
28,3780380,1038,246,0
28,3781020,882,776,1
28,4428690,882,228,0
28,4428810,888,255,1
28,3607120,1299,597,0
28,3607200,1311,662,1
28,736260,968,433,0
28,736540,755,332,1
28,3258590,1094,235,0
28,3258630,1100,235,1
28,759700,982,263,0
28,3783100,942,276,0
28,3783500,780,630,1
28,3550720,972,378,0
28,914430,971,599,0
28,914550,939,734,1
28,2871230,1128,462,0
28,2871430,1227,680,1
28,2877680,840,252,0
28,2878200,901,670,1
28,676440,636,690,0
28,677440,1097,269,1
28,1103530,750,671,0
28,1104610,1157,278,1
28,3110390,894,429,0
28,3110510,854,561,1
28,3247770,1062,240,0
28,3248130,1132,232,1
28,3198070,1109,443,0
28,3198470,1118,291,1
28,1192180,1133,323,0
28,1192940,1094,242,1
28,998720,1224,114,0
28,818230,930,315,0
28,818750,771,238,1
28,1798890,1085,257,1
28,2621200,1003,242,0
28,2621080,988,325,1
28,1139920,954,286,0
28,1140120,1038,599,1
28,4053950,1097,464,0
28,4054470,948,337,1
28,4116660,1218,702,0
28,4116740,1262,826,1
28,3895270,1176,204,0
28,3895030,1156,271,1
28,2495140,876,204,0
28,2495780,694,580,1
28,3932290,1062,246,0
28,3932170,1041,333,1
28,2069110,774,846,0
28,2070070,1175,263,1
28,2311460,1103,623,1
28,1101630,1062,264,0
28,1102270,1026,228,1
28,4431720,1030,205,0
28,4432360,1239,743,1
28,2068950,828,756,0
28,2070070,1176,262,1
28,1640900,1074,712,0
28,1641780,1087,257,1
28,3644090,1128,786,0
28,3644970,1105,250,1
28,1852570,882,348,0
28,1852690,832,341,1
28,4116810,1289,858,0
28,1635010,912,336,0
28,1635490,803,735,1
28,3768450,970,131,0
28,3147470,828,402,0
28,3147710,760,686,1
28,2348090,750,378,0
28,809840,876,528,0
28,810960,1019,343,1
28,2109060,1176,282,0
28,2109460,1072,260,1
28,1800800,834,360,0
28,1801120,906,304,1
28,1796040,978,402,0
28,1796320,1146,301,1
28,882840,948,320,1
28,3509300,730,559,0
28,768470,984,399,0
28,768830,1109,304,1
28,3257760,804,567,0
28,3258600,1098,236,1
28,671970,891,502,0
28,672570,1094,275,1
28,3250900,1164,164,0
28,3252060,682,676,1
28,913450,1137,250,0
28,913330,1115,336,1
28,1028110,1039,418,0
28,1028950,1092,238,1
28,2879440,1116,288,0
28,815300,657,713,0
28,816180,1104,247,1
28,2879870,1140,180,0
28,2880750,803,638,1
28,1064900,774,282,0
28,1065500,831,819,1
28,3781340,894,603,0
28,3782380,1060,245,1
28,3786140,786,546,0
28,3786340,695,763,1
28,3898950,844,700,0
28,3898990,836,715,1
28,2576560,840,415,0
28,2576880,817,671,1
28,3783690,708,672,0
28,2937980,1032,282,0
28,2937940,1031,305,1
28,4117930,1078,281,0
29,3232110,740,293,0
29,3232350,754,275,1
29,5915300,1072,221,0
29,5915020,1040,332,1
29,3312140,885,512,1
29,6414180,1046,233,0
29,6414220,1081,268,0
29,6414420,1299,466,1
29,4836900,1038,598,0
29,4836740,983,498,1
29,4109100,916,311,0
29,4109500,1111,615,1
29,5037700,786,456,0
29,5037780,753,511,1
29,2187170,1026,157,0
29,2187970,636,544,1
29,8642870,1116,216,0
29,8644030,807,526,0
29,8644070,794,557,0
29,8268760,880,210,0
29,8269520,1037,722,1
29,7268360,714,702,0
29,7268600,963,374,0
29,7269200,1156,279,1
29,5940520,898,389,0
29,2078430,784,299,0
29,2078870,869,674,1
29,5991210,767,249,0
29,5991010,756,318,1
29,1345640,1062,48,0
29,1346200,866,290,0
29,1346320,673,485,1
29,3310970,1106,212,0
29,3310890,1098,236,1
29,4586220,837,413,0
29,4586700,1169,336,1
29,6131450,901,220,0
29,6131650,921,258,1
29,9066800,968,119,0
29,9067120,726,378,0
29,9067200,661,462,1
29,3311230,1126,140,0
29,3311470,1079,151,0
29,3311950,955,338,0
29,3312150,886,512,1
29,5936370,1090,298,0
29,5936450,1101,302,1
29,4745170,1016,284,0
29,4745570,1158,319,1
29,7027000,958,284,0
29,7027280,995,302,1
29,459970,1111,201,0
29,460770,933,311,0
29,461210,776,648,1
29,8977750,1003,49,0
29,8978670,770,324,0
29,8978790,622,492,1
29,6986270,870,424,0
29,6986630,1132,354,1
29,7358910,1058,207,0
29,8378960,1132,510,0
29,8379080,1135,598,1
29,4483070,1080,373,0
29,4483310,1015,375,0
29,4483470,942,334,0
29,4483670,882,344,1
29,9031000,1414,517,0
29,9030880,1271,497,1
29,4226460,1059,534,1
29,7652240,963,192,0
29,7652360,924,254,0
29,4507780,1004,189,0
29,4507980,906,223,0
29,4508180,796,291,0
29,4508700,435,665,1
29,9030690,1042,258,0
29,9030890,1271,496,1
29,2107040,1128,360,0
29,2107320,1101,407,0
29,2684880,1182,486,0
29,2479730,936,240,0
29,2479970,871,503,1
29,4146380,1291,585,1
29,4672520,737,502,0
29,4672600,673,589,1
29,7349700,1097,199,0
29,7350820,766,623,1
29,1753340,854,293,0
29,1753820,999,626,1
29,1758970,918,343,0
29,1759530,583,701,1
29,5036920,1044,186,0
29,5037760,761,512,1
29,4624650,1026,420,0
29,4625170,903,336,1
29,4585620,840,360,0
29,4586260,912,379,0
29,4586700,1169,336,1
29,5698000,1132,220,0
29,681760,740,214,0
29,681520,769,294,1
29,7813080,607,499,0
29,7812960,667,501,1
29,6658320,1293,542,0
29,6658400,1337,632,1
29,9072400,1308,702,0
29,9073760,1129,262,1
29,7194210,1072,559,0
29,7195210,953,373,0
29,3310000,804,540,0
29,3310880,1098,236,1
29,5666400,816,198,0
29,5667120,1222,638,1
29,7215340,791,271,0
29,7215300,789,288,1
29,6458410,1368,498,0
29,6458330,1278,485,1
29,3372770,1002,89,0
29,2026740,1128,360,0
29,2027100,1080,445,0
29,2027540,882,371,1
29,2889800,1130,127,0
29,2890120,1036,142,0
29,2890360,954,199,0
29,2891040,670,672,1
29,7058340,995,350,1
29,7051250,885,242,0
29,7051890,798,601,1
29,4148360,708,360,0
29,4148720,651,620,1
29,6127030,1066,271,0
29,6127550,682,661,1
29,2746050,907,257,0
29,2746410,1046,250,1
29,3578120,1032,236,0
29,1398540,600,372,0
29,1398820,518,653,1
29,809350,960,366,0
29,5118340,1058,189,0
29,5118740,1050,229,1
29,2187080,1030,176,0
29,2186920,1040,226,1
29,2187550,889,218,0
29,2187990,624,542,1
29,5577880,921,298,0
29,8700130,518,439,0
29,8701090,1200,251,1
29,3416160,1112,271,1
29,3769980,865,165,0
29,3770700,1199,574,1
29,1107090,1039,215,0
29,1107410,947,290,0
29,678290,1117,673,0
29,679130,1036,268,1
29,7355290,790,169,0
29,7356130,977,626,1
29,976460,912,396,0
29,1148160,908,315,0
29,7873740,757,322,0
29,7873820,726,324,1
29,3157140,1020,386,0
29,3157340,1092,611,1
29,6840260,1122,378,0
29,6841020,711,362,1
29,9067010,824,254,0
29,9067210,661,461,1
29,488490,910,168,0
29,2524670,956,245,0
29,2524630,959,238,0
29,2524710,953,252,1
29,1145680,1007,153,0
29,1176910,770,390,0
29,3423720,475,487,0
29,3423200,660,440,1
29,5148810,864,249,0
29,5148890,798,355,0
29,5148970,729,451,1
29,6006260,988,291,0
29,6006780,771,570,1
29,6510680,886,278,0
29,6510080,944,477,1
29,466420,752,417,0
29,466660,678,623,1
29,605980,820,301,0
29,605900,838,338,1
29,4336110,882,534,0
29,4337150,943,339,0
29,4337350,976,328,1
29,5660910,822,162,0
29,5661990,929,757,1
29,7425300,785,165,0
29,7426420,717,415,0
29,7426700,696,670,1
29,2857510,935,278,0
29,2857830,999,299,1
29,2580210,1243,193,0
29,2581170,1457,699,1
29,7421910,1065,276,0
29,7422510,1052,275,1
29,7798830,802,496,1
29,3116920,1230,492,0
29,3117800,1046,352,0
29,3118040,811,302,0
29,3118160,745,307,1
29,1173760,563,386,0
29,1174880,1012,255,1
29,7646300,1018,56,0
29,7646580,959,259,0
29,7646740,926,445,1
29,486650,1072,360,0
29,487490,885,322,1
29,4665470,978,306,0
29,4665990,1177,292,1
29,8308870,632,470,0
29,8309070,473,663,1
29,1001360,1098,538,1
29,7649380,1199,277,0
29,7649740,1267,571,1
29,491080,684,170,0
29,492080,1052,593,1
29,5934700,972,247,0
29,5935340,875,640,1
29,611320,1194,250,0
29,611760,1296,275,1
29,8635970,1305,478,1
29,8607140,822,258,0
29,8607300,608,499,1
29,1274450,558,514,0
29,1274850,872,237,0
29,1275450,1048,215,1
29,8374220,1245,509,0
29,8374540,1159,372,0
29,8375060,977,298,1
29,3417700,894,618,0
29,3417540,950,595,1
29,4783450,720,282,0
29,8060920,816,576,0
29,8062120,1122,288,1
29,5073130,891,373,0
29,6724260,975,269,0
29,6724380,962,283,1
29,8566840,807,246,0
29,8566760,823,270,1
29,8700870,1127,238,0
29,8701070,1194,250,1
29,1879370,930,297,0
29,1879210,938,356,1
29,466800,636,624,0
29,466640,682,626,1
29,996640,1302,678,0
29,996760,1132,450,0
29,997600,759,251,1
29,458410,634,534,0
29,458570,556,681,1
29,6840740,888,366,0
29,6841020,710,361,1
29,7214360,636,636,0
29,7215280,788,293,1
29,1754450,997,440,0
29,1755010,870,307,1
29,6800640,1034,277,0
29,6801120,1216,552,0
29,6801280,1304,736,1
29,6510280,1000,573,0
29,6510280,999,574,0
29,6510080,943,477,1
29,5999170,1044,284,1
29,4257950,1176,426,0
29,4258750,1019,355,0
29,4258990,951,331,1
29,1338720,896,224,0
29,1339080,700,474,1
29,2853650,851,319,0
29,2853970,796,549,0
29,2854130,759,734,1
29,3524490,1001,292,1
29,7144970,883,354,0
29,4670260,733,645,0
29,4670140,774,636,1
29,4664530,857,449,0
29,4664690,718,588,1
29,8856330,972,330,0
29,8856450,958,474,1
29,8533230,996,143,0
29,8533630,999,507,1
29,2571030,760,360,0
29,2571150,670,507,1
29,4227720,810,270,0
29,4227560,832,320,1
29,2285230,1053,223,1
29,4519640,944,258,0
29,4519080,550,471,0
29,1180120,845,401,0
29,1181280,1043,232,1
29,7425060,792,189,0
29,7426700,696,669,1
29,2191630,1080,222,0
29,2192150,1004,226,1
29,8635940,1289,477,1
29,5040370,1129,548,0
29,5040490,1145,680,1
29,1460910,802,713,0
29,1461750,1227,276,1
29,2852390,1050,414,0
29,2852750,946,371,1
29,6969360,904,345,0
29,6969440,887,344,1
29,9148540,906,258,0
29,9149060,1068,265,1
29,1174590,954,220,0
29,1174910,1015,255,1
29,9030720,1078,294,0
29,9030800,1164,383,0
29,9030880,1271,496,1
29,7804740,1068,582,0
29,7805740,845,289,1
29,5236630,1173,398,0
29,5237270,1084,377,0
29,5237670,729,320,1
29,3712750,587,714,0
29,3713630,1201,278,1
29,8856270,981,259,0
29,8856430,961,472,1
29,7804300,928,411,0
29,7804420,963,490,1
29,5085540,837,263,1
29,8432640,914,247,0
29,8432760,921,258,1
29,2855940,797,261,0
29,2856460,649,654,1
29,8925050,1100,412,1
29,3309730,726,571,0
29,3309530,709,557,1
29,2126220,828,378,0
29,2127180,1177,344,1
29,2508590,1059,276,0
29,2573460,1077,168,0
29,2573820,921,240,0
29,2574420,563,645,1
29,4195450,1219,720,0
29,4195770,1159,417,0
29,4196250,1123,330,1
29,5039970,1095,291,0
29,5040490,1145,680,1
29,3228060,1127,676,1
29,5997860,791,532,0
29,5997900,767,575,1
29,7356650,1108,542,0
29,7356130,976,628,1
29,2959720,850,343,0
29,2960280,943,348,0
29,2960480,996,333,1
29,770400,1245,587,0
29,770480,1249,636,1
29,8224550,1326,418,0
29,8224270,1268,598,1
29,2651940,1028,63,0
29,2652380,949,488,1
29,3155300,1209,578,0
29,3156220,884,231,1
29,3413220,932,193,0
29,3413780,1066,234,1
29,759650,963,171,0
29,761010,984,700,1
29,3657330,640,195,0
29,3657410,677,152,0
29,3658810,1302,457,1
29,9068100,949,209,0
29,9068500,1066,247,1
29,5916010,971,265,0
29,4743900,553,557,0
29,4743980,508,640,1
29,7088790,1058,427,0
29,7089230,739,348,1
29,6717390,1008,298,0
29,6717830,817,591,1
29,1140570,1003,190,0
29,1141290,1110,409,0
29,1141450,1153,556,1
29,7930090,663,320,0
29,7931250,1053,242,1
29,8923490,585,479,0
29,8923530,554,484,0
29,5830290,1032,336,0
29,5830690,1349,661,1
29,8306890,636,462,0
29,8307850,1038,263,1
29,2522870,958,284,0
29,2523030,1029,484,1
29,1141030,1053,249,0
29,1141430,1150,557,1
29,4281950,1092,282,0
29,4282470,1184,660,1
29,3343470,804,354,0
29,3343950,996,289,0
29,3344030,1006,293,1
29,4899050,989,418,0
29,4899090,1002,477,1
29,2843290,978,336,0
29,2843370,963,331,1
29,6970300,941,332,1
29,460930,881,408,0
29,461210,775,648,1
30,3046230,973,217,0
30,3046390,843,363,0
30,3046590,684,616,1
30,2838670,564,804,0
30,2839670,824,305,1
30,7142350,996,399,0
30,7142590,979,360,1
30,8047660,732,714,0
30,8048540,772,335,1
30,1608920,988,542,0
30,1609000,1003,607,1
30,2754290,840,414,0
30,1816700,1018,354,0
30,2353270,1062,518,0
30,2350110,906,611,1
30,4199260,579,504,0
30,7152100,828,372,0
30,8941900,1368,798,0
30,6795790,1148,271,0
30,6740640,594,384,0
30,7161790,546,696,0
30,2430070,594,726,0
30,3756750,942,172,0
30,1815270,775,247,0
30,5250100,1115,325,0
30,684800,948,396,0
30,4438430,732,216,0
30,7024210,726,343,0
30,7379080,1032,288,0
30,3088750,732,506,0
30,5934630,1092,468,0
30,6794230,600,630,0
30,7898510,1062,408,0
30,6763460,901,491,0
30,5894550,896,412,0
30,2116700,1020,114,0
30,9113140,962,480,0
30,3398910,1098,275,0
30,2833970,1069,420,0
30,6029210,574,594,0
30,4673150,918,366,0
30,2351670,1152,336,0
30,2168700,502,755,0
30,5420470,678,576,0
30,8445050,1068,456,0
30,5479880,1224,300,0
30,5080430,1210,335,0
30,8415770,804,234,0
30,6985900,1291,316,0
30,6021220,600,420,0
30,1609730,1062,468,0
30,4270230,621,803,0
30,2763790,966,360,0
30,5693340,663,258,0
30,7019870,690,552,0
30,7066790,1158,522,0
30,8944210,605,665,0
30,2795280,984,216,0
30,5701850,1062,402,0
30,5734460,973,200,0
30,4278660,678,858,0
30,6906990,659,640,0
30,4922500,637,729,0
30,2126110,894,684,0
30,4602580,985,356,0
30,4675140,768,588,0
30,2129870,865,362,1
30,5692980,714,336,0
30,1624330,750,582,0
30,1409010,834,690,0
30,5135050,1276,617,0
30,4920790,1206,294,0
30,1734280,1241,340,0
30,4056380,1272,222,0
30,9212090,954,343,0
30,3490080,1193,403,0
30,9085590,1184,306,0
30,5458360,948,414,0
30,4232790,987,427,0
30,8415210,855,359,0
30,2262480,970,364,0
30,3434760,871,127,0
30,6208600,1286,212,0
30,1178230,1616,686,0
30,3378570,912,444,0
30,675580,1211,260,0
30,8636860,996,252,0
30,6802910,360,798,0
30,3884640,1073,268,0
30,5940120,888,786,0
30,3046090,1074,135,0
30,5416840,798,366,0
30,4265920,992,214,0
30,7940960,882,618,1
30,7644690,1035,647,0
30,8447000,924,120,0
30,8096720,1128,228,0
30,1819920,1248,258,0
30,3651110,690,558,0
30,3008490,707,370,0
30,2358500,673,601,1
30,2160910,1147,358,1
30,4428170,791,367,0
30,4050600,1122,336,1
30,5647190,732,215,0
30,2536430,1073,690,0
30,3400560,986,397,0
30,7156660,1206,677,0
30,788730,864,618,0
30,3084250,818,265,0
30,1918410,1395,730,0
30,7161290,773,316,0
30,8097460,768,510,0
30,1444820,1246,477,0
30,9070220,931,379,0
30,5903180,478,750,0
30,6688830,983,389,1
30,9272870,1248,648,0
30,9272910,1280,702,1
30,5200820,846,252,0
30,4915500,1001,302,0
30,4959030,1147,355,0
30,1806370,1086,240,0
30,4613880,1264,346,0
30,4925380,960,492,0
30,3757190,1068,648,0
30,7059350,1044,300,0
30,1909120,1014,294,0
30,7587000,1131,240,0
30,1047250,1278,672,0
30,7063010,918,524,0
30,2055890,1164,618,0
30,5457780,901,492,0
30,4093210,860,480,0
30,1823260,1007,322,0
30,8633240,1068,342,0
30,9292530,906,444,0
30,2823350,978,491,0
30,5368350,1321,223,0
30,2481740,903,464,0
30,3643700,594,738,0
30,1261930,1144,356,1
30,2838790,600,672,0
30,9071960,726,264,0
30,2055830,1158,624,0
30,6738460,834,486,0
30,5644540,1014,178,0
30,1089030,1363,452,0
30,8048930,782,231,0
30,8942490,1169,526,0
30,5458880,948,246,0
30,5483840,800,604,0
30,7063330,744,684,0
30,4531620,864,720,0
30,1472540,1140,648,0
30,789310,765,564,0
30,8895570,869,488,0
30,4142920,1135,360,0
30,9297490,564,832,0
30,1444120,1154,292,0
30,8893840,1183,391,0
30,5077620,1116,372,0
30,6789710,924,354,0
30,7289360,930,366,0
30,3605750,1352,814,0
30,4562950,546,216,0
30,4562950,549,224,0
30,1814290,779,325,0
30,1172960,841,432,0
30,2129190,753,536,0
30,2577340,707,682,0
30,3373760,1212,348,0
30,7327570,858,120,0
30,2943380,1251,381,1
30,6287080,1062,378,0
30,4697330,1014,324,0
30,3803760,1051,249,0
30,6020020,1020,121,0
30,4129870,804,246,0
30,8236210,828,324,1
30,8661660,636,505,0
30,1506360,1260,216,0
30,6277410,1290,265,0
30,3804210,897,513,0
30,7904950,1109,323,0
30,8895810,797,663,0
30,5988540,767,259,0
30,5813670,1189,259,0
30,3435900,1650,606,0
30,3086410,1200,282,0
30,3875050,792,366,0
30,5199790,1512,558,0
30,2126330,834,744,0
30,1802740,762,396,0
30,938350,1006,394,0
30,9083170,742,448,0
30,7064870,1140,240,0
30,4231750,648,306,0
30,5986330,908,197,0
30,7517630,872,388,0
30,1539530,1061,379,0
30,8237260,852,546,0
30,8993430,1233,341,1
30,1056590,763,287,0
30,5403000,731,393,0
30,7375010,965,748,0
30,2054890,1091,548,0
30,1621290,1518,635,0
30,6789660,948,366,0
30,6278780,1122,588,0
30,4286500,1254,624,0
30,4674980,606,894,0
30,7063510,656,730,0
30,7340230,1290,360,0
30,2482840,816,516,0
30,8659280,1021,332,0
30,4918550,646,253,0
30,8709370,864,300,0
30,2303380,582,594,0
30,1157610,846,402,0
30,3005020,900,133,0
30,3887000,906,362,1
30,7834420,1218,242,0
30,6692090,912,294,0
30,2744160,852,222,0
30,2446570,1050,306,0
30,1540120,1139,282,0
30,5761690,634,285,0
30,1543920,1351,804,0
30,3603540,1188,672,0
30,7450780,1692,696,0
30,5900730,942,390,0
30,9114900,1044,240,0
30,7832060,1209,273,0
30,5460740,1410,642,0
30,5481930,1290,828,0
30,2745800,1073,377,0
30,5699430,906,276,0
30,1174280,1138,246,0
30,7898530,1061,405,0
30,2755970,774,564,0
30,5013320,671,206,0
30,2909500,1097,286,0
30,2535670,1183,298,0
30,1731060,828,378,0
30,4424960,684,198,0
30,1443440,954,372,0
30,1692970,1092,363,0
30,1470590,1020,450,0
30,7431380,1213,714,0
30,2259950,1126,329,0
30,1620410,930,114,0
30,5367930,1242,401,1
30,2929810,888,642,0
30,7835700,1716,906,0
30,4672650,1110,594,0
30,3647590,828,246,0
30,5074570,726,275,0
30,6843450,1391,777,0
30,2835570,940,421,0
30,3635670,858,246,0
30,7904130,1602,876,0
30,7821110,1103,332,0
30,2117760,828,774,0
30,1820590,1013,294,0
30,5643400,821,437,0
30,6791810,1230,528,0
30,5856690,1123,162,0
30,7335760,690,234,0
30,2524640,946,360,0
30,1046510,1080,283,0
30,679600,709,566,0
30,1205880,856,542,0
30,7022290,1249,428,0
30,4053900,1186,197,0
30,2227820,1308,594,0
30,7483950,1266,804,0
30,3757770,1140,456,0
30,4199750,964,297,0
30,5199080,1218,516,0
30,1171160,1110,222,0
30,5649560,768,402,0
30,8708770,630,384,0
30,2494200,1056,282,0
30,1729900,1142,590,0
30,3887460,966,252,0
30,6909560,840,348,0
30,600640,1458,654,0
30,6214350,1225,246,0
30,6785400,738,216,0
30,1691210,907,98,0
30,9243530,1134,480,0
30,4272410,786,522,0
30,1821610,516,612,0
30,7161050,864,240,0
30,3538960,978,290,0
30,616440,672,204,0
30,4233570,1022,248,0
30,6797790,966,396,0
30,8046670,955,238,0
30,6801520,1223,253,0
30,2444860,617,743,0
30,1731600,707,323,0
30,1827750,617,507,0
30,4231230,607,258,0
30,5854110,852,341,0
30,6801900,1142,262,0
30,5083600,1248,294,0
30,4701060,768,288,0
30,5463350,1344,559,0
30,5899310,792,480,0
30,2909040,892,198,0
30,2802110,1104,414,0
30,8221730,630,708,0
30,5698060,979,348,0
30,5419590,999,269,0
30,3380530,1284,246,0
30,7483800,1320,948,0
30,9277150,1040,231,0
30,8663390,1181,249,0
30,5473320,1184,259,0
30,5292500,795,403,0
30,4230130,1133,479,0
30,1402980,654,672,0
30,3640770,312,846,0
30,9080650,1134,486,0
30,7016740,597,254,0
30,6801180,1170,373,1
30,4922780,516,738,0
30,4921130,1231,248,0
30,3532880,1068,294,0
30,1626570,580,715,0
30,9292940,1084,376,1
30,2490950,977,506,0
30,680480,1153,294,0
30,1262110,1146,294,0
30,8219790,1152,384,0
30,2063200,864,114,0
30,5934610,1080,480,0
30,2606250,828,324,0
30,4140650,715,248,0
30,3488140,912,402,0
30,875020,1067,366,0
30,4265930,992,211,0
30,9287340,1158,324,0
30,2264210,780,762,0
30,9073800,1080,372,0
30,5139320,665,425,0
30,998030,1148,331,0
30,617560,1350,696,0
30,8416250,726,240,0
30,756770,1164,312,0
30,3933550,1214,274,0
30,6208220,1235,325,0
30,8020150,1140,480,0
30,5294110,1152,837,0
30,605850,792,589,0
30,2353190,1027,602,0
30,4146090,1134,336,1
30,3761670,884,359,1
30,3889110,978,318,0
30,5248470,856,497,0
30,8894860,1028,253,0
30,2536490,1044,606,0
30,6830130,1284,232,0
30,4845760,1138,350,0
30,2839340,780,306,0
30,4672590,1146,660,0
30,2302120,876,336,0
30,7544910,264,750,0
30,2838130,912,416,0
30,4283400,954,390,0
30,5815190,876,534,0
30,6841080,841,487,0
30,3798640,388,659,0
30,5471620,576,750,0
30,4233990,978,317,0
30,5077020,1355,578,0
30,4924020,1168,250,0
30,3991410,1021,246,0
30,2305770,649,686,0
30,6785890,811,309,0
30,997120,1398,642,0
30,6798410,1110,264,0
30,2757330,810,330,0
30,3398030,1080,354,0
30,3686510,852,300,0
30,7552170,1026,126,0
30,7023330,1098,486,0
30,2605090,990,360,0
30,2746650,1260,258,0
30,3809490,1032,294,0
30,8049920,1110,684,0
30,7828210,936,396,0
30,9081090,1536,786,0
30,601230,1116,408,0
30,1409510,732,504,0
30,3012260,1153,575,0
30,4918650,656,282,0
30,7676880,912,294,0
31,4180590,765,247,0
31,1570480,1024,354,0
31,2191990,994,284,0
31,1332990,1019,333,0
31,2958990,774,270,0
31,1525800,683,460,0
31,1501810,1104,312,0
31,1340690,429,531,0
31,4138310,854,527,0
31,1628180,1080,300,0
31,2007140,1104,246,0
31,3170650,951,243,0
31,2006040,1026,600,1
31,2758210,967,314,0
31,3454960,813,385,1
31,3560890,645,528,1
31,2291150,816,582,0
31,3249280,1074,361,0
31,516380,912,366,1
31,2796050,1585,638,0
31,2045030,1243,431,0
31,3227230,1040,314,0
31,2913350,725,625,0
31,1752670,578,720,0
31,3238950,1200,510,0
31,1411530,626,196,0
31,1086080,608,339,0
31,726120,959,209,0
31,4450850,1245,419,0
31,1387240,1140,372,0
31,3862170,824,350,0
31,3987800,960,192,0
31,4077450,948,258,0
31,1500560,774,576,0
31,2195620,797,548,0
31,1492360,967,341,0
31,3236750,577,702,0
31,2958590,840,258,0
31,830140,1362,312,0
31,2193280,684,880,0
31,1378420,966,516,0
31,4412050,1360,700,0
31,2916250,1206,324,0
31,608560,1245,412,0
31,4452860,1118,211,0
31,969200,907,177,0
31,1495140,736,640,1
31,3228130,978,313,0
31,2993610,771,514,0
31,4075590,792,571,0
31,3094550,870,300,0
31,4412090,1323,614,0
31,1412530,1420,665,0
31,671750,942,283,0
31,2036090,857,530,0
31,2574860,1092,311,0
31,2414360,876,474,0
31,1512500,884,435,0
31,786480,930,744,0
31,3589650,1059,323,0
31,608520,1266,434,0
31,4407490,1001,406,0
31,2819990,811,618,0
31,3473940,1139,513,0
31,3414080,1002,337,0
31,1362470,1024,252,0
31,2090630,366,702,0
31,4146310,670,689,0
31,1522420,858,443,0
31,1626690,1326,612,0
31,1751010,837,339,0
31,2913030,747,606,1
31,1177570,792,597,0
31,3793130,717,569,0
31,1497490,982,551,0
31,972160,606,395,0
31,725040,918,324,0
31,1445380,776,404,0
31,2575160,1022,454,0
31,3227580,1058,179,0
31,2908440,1102,274,0
31,4439870,962,385,0
31,4484460,1140,402,0
31,2191860,1023,276,0
31,544560,798,354,0
31,613170,822,246,0
31,3413600,1153,275,0
31,2908260,1053,253,0
31,1962560,885,310,0
31,1525400,523,716,0
31,3170270,976,264,0
31,1336810,1120,484,0
31,2198240,1042,364,0
31,1212620,847,401,0
31,2042450,1134,276,0
31,582710,858,387,0
31,2080840,1083,260,0
31,2155380,888,577,0
31,4527840,959,335,0
31,1409810,1154,497,0
31,762500,869,123,0
31,3410930,848,371,0
31,3588390,1113,506,0
31,4589220,1159,264,0
31,2525010,999,508,0
31,3227760,1039,191,0
31,941450,1099,353,0
31,1342460,618,636,0
31,2080920,1079,242,0
31,1387560,1145,289,0
31,1115810,936,293,0
31,3411150,824,270,0
31,1178010,1032,300,0
31,2574070,1035,420,0
31,1181000,1083,264,1
31,1522290,917,380,0
31,3991690,1249,666,0
31,723880,837,377,0
31,876230,846,321,0
31,3453800,1129,803,0
31,4077460,959,268,0
31,1087280,954,465,0
31,545950,1030,326,1
31,1570000,1188,262,0
31,3613010,437,533,0
31,3101140,786,295,0
31,3240090,856,300,0
31,1497810,864,678,0
31,1504960,804,564,0
31,969940,850,342,0
31,3138060,698,410,0
31,3757290,978,341,0
31,2878140,1065,759,0
31,2264550,691,321,0
31,2128780,744,546,0
31,4412350,1169,299,0
31,4183190,1051,213,0
31,3100860,727,318,0
31,1506140,969,383,0
31,2960400,690,300,0
31,2908120,1007,244,0
31,1337390,1530,690,0
31,1705990,515,833,0
31,2436990,889,350,0
31,4107540,703,211,0
31,547250,1290,768,0
31,1777310,1200,336,1
31,3494000,807,426,1
31,4175970,905,718,0
31,2187130,692,600,0
31,1753770,656,253,0
31,2034570,906,328,0
31,3492800,1058,344,0
31,3227080,1018,362,0
31,3448790,755,456,0
31,4130220,990,192,0
31,2776030,1003,130,0
31,1626810,1450,643,0
31,4449650,1133,367,0
31,2959020,767,288,0
31,1523080,569,681,0
31,4075830,686,665,0
31,3228510,881,620,1
31,607560,956,194,0
31,4453030,1077,212,0
31,1676470,923,566,1
31,2524420,996,227,0
31,1528660,1043,340,0
31,2550350,1134,582,0
31,1127950,612,237,0
31,546890,1168,492,0
31,4217920,1102,345,0
31,4454090,653,670,0
31,967640,792,594,0
31,4140400,966,318,0
31,2909460,1014,306,0
31,4145580,872,338,0
31,3505300,884,439,0
31,2089050,1091,323,0
31,3194660,850,516,0
31,1001850,980,296,0
31,1176040,770,190,0
31,3939670,900,264,0
31,1628050,1087,303,0
31,1568530,774,540,0
31,717370,893,286,0
31,2489870,972,354,0
31,3230520,1097,248,0
31,717210,802,366,0
31,608800,1164,336,0
31,2082600,792,457,0
31,4456450,673,555,0
31,4147310,843,374,0
31,3562830,1128,276,0
31,2907700,810,288,0
31,1777130,1254,336,0
31,833050,1134,372,0
31,4183230,1037,218,0
31,1336890,1182,564,0
31,1507140,951,335,0
31,2038530,744,600,1
31,3454180,1087,716,0
31,4043460,964,331,0
31,1055630,1140,360,0
31,3987220,508,495,0
31,941110,1104,390,0
31,1495880,780,437,0
31,4176490,1027,220,0
31,1507870,769,679,1
31,722200,935,361,0
31,714410,894,551,0
31,3098700,1025,302,0
31,717830,1031,238,0
31,1533440,1027,380,0
31,2040840,1350,522,0
31,2796710,1152,384,0
31,1214430,900,496,0
31,4452180,1183,304,0
31,1617570,996,739,0
31,2491080,792,402,0
31,4177030,1069,225,0
31,4485240,974,367,0
31,3989530,678,594,0
31,3095290,714,432,0
31,1515750,609,828,0
31,2798120,700,821,0
31,1175220,1062,432,0
31,1346960,1057,303,0
31,1750130,760,484,0
31,1336160,762,216,0
31,1486400,828,397,0
31,3413440,1156,292,0
31,4145310,953,264,0
31,671890,891,213,0
31,2089530,1060,254,0
31,1346280,1158,366,0
31,1487590,966,534,0
31,3757960,933,736,0
31,1971580,876,534,0
31,1181100,1094,223,0
31,4524980,1116,306,0
31,1505640,654,558,0
31,612150,1114,190,0
31,2575980,984,512,0
31,2081060,1072,226,0
31,1085410,820,310,0
31,3991370,1074,348,0
31,1520390,717,631,0
31,3965580,1037,458,0
31,940110,1097,599,0
31,3792880,848,370,0
31,1185760,745,227,0
31,1512280,994,319,0
31,3503320,1380,732,0
31,3782920,1127,282,0
31,2007400,1104,263,0
31,4148170,607,436,0
31,1525840,717,431,0
31,3987640,882,211,0
31,724200,695,587,0
31,4179660,738,314,0
31,4224130,786,258,0
31,4517960,922,371,0
31,2228480,947,358,0
31,4130380,975,186,0
31,2879170,830,295,0
31,1341600,768,258,0
31,4409570,612,718,0
31,1778750,642,659,0
31,3826850,970,320,0
31,3838630,1143,579,0
31,4527740,1000,342,0
31,3194320,857,297,0
31,2124090,1164,516,0
31,3236870,489,726,0
31,2182050,977,397,0
31,2757770,1212,690,0
31,1488020,1218,733,0
31,1488240,1153,468,0
31,580700,948,396,0
31,1522920,642,618,0
31,1523580,868,425,0
31,1627330,1241,364,0
31,1513180,638,630,0
31,1522980,612,636,0
31,1456340,1074,340,0
31,4075210,943,254,0
31,2800400,743,536,0
31,1459700,731,377,0
31,715950,1098,222,0
31,715950,1095,223,0
31,2127510,792,348,0
31,1750450,569,565,0
31,1213890,1158,216,0
31,3411810,929,420,0
31,4045030,774,528,0
31,4453220,1014,252,0
31,2228300,937,415,0
31,2007620,1107,299,0
31,2157680,895,649,1
31,1576110,1275,583,0
31,1781250,1138,451,0
31,3474550,1111,474,0
31,3099150,1026,239,0
31,2042220,1182,252,0
31,2127070,626,617,0
31,4186160,1139,303,0
31,1971060,1002,312,0
31,4490230,726,295,0
31,2797980,766,803,1
31,2090990,755,414,0
31,3024020,539,649,0
31,2491390,735,613,1
31,637840,1019,287,1
31,876310,908,306,0
31,4180840,841,252,0
31,1966580,685,521,0
31,3938150,731,677,0
31,2008400,948,330,0
31,1030400,853,295,0
31,1522480,834,477,0
31,2576370,1093,354,0
31,4517220,764,399,0
31,831530,1148,232,0
31,4484180,1146,534,0
31,1504400,1078,291,0
31,1376290,786,618,0
31,830160,1350,312,0
31,1337890,1230,312,0
31,1330020,1098,396,0
31,1341520,756,276,0
31,1332050,761,633,0
31,3541210,1640,652,0
31,1498170,840,624,0
31,4146210,633,769,0
31,2956860,1108,570,1
31,2262960,1127,515,0
31,1971380,844,532,0
31,2578050,1231,480,0
31,3542930,701,479,0
31,830090,1392,330,0
31,4518610,1084,198,0
31,944430,882,528,0
31,2821850,558,623,0
31,2042470,1134,282,0
31,3095620,918,324,0
31,579960,943,315,0
31,3096520,1098,252,0
31,4216260,1003,355,1
31,2990690,459,666,0
31,2089110,1080,330,1
31,1940900,1261,307,0
31,2187640,522,576,0
31,3542610,839,321,0
31,1935630,1441,557,0
31,3865100,894,385,0
31,1631180,889,267,0
31,1527820,444,713,0
31,1030560,735,485,1
31,2185630,1036,358,0
31,2438150,566,589,0
31,4146660,949,294,0
31,3796730,1068,276,0
31,721290,754,378,0
31,2960790,741,242,0
31,4528890,1089,399,0
31,2993400,596,764,0
31,3760370,656,712,0
31,677190,1212,368,0
31,719180,678,588,0
31,2758970,816,300,0
31,2131920,664,398,0
31,2131180,726,516,0
31,1573600,525,765,0
31,4182830,1133,231,0
31,1344220,1140,294,0
31,2434920,750,390,0
31,1499990,954,330,0
31,3966040,1266,528,0
31,1705090,997,241,0
31,2039290,960,342,0
31,2821490,762,384,0
31,2405570,882,456,0
31,2915310,792,612,0
31,1491070,816,456,0
31,4563160,1156,314,0
31,3243910,916,603,0
31,972140,606,396,0
31,943770,666,420,0
31,4227190,828,222,0
31,4227030,828,258,0
31,4140860,686,688,0
31,1386880,1043,398,0
31,1752450,737,467,0
31,797410,831,205,0
31,720970,816,228,0
31,1183940,972,279,0
31,1492980,702,636,0
31,1677590,1052,346,0
31,1525100,798,540,0
31,1493380,640,665,0
