match_id,time_ms,ball_sn,x,y,score
27,4361290,5,1227,464,0.9840240478515624
27,4361330,5,1227,504,0.97325199842453
27,4361330,5,1231,506,0.2361165732145309
27,4361370,5,1228,549,0.9800569415092468
27,4361370,5,1232,550,0.6078727841377258
27,4361410,5,1229,597,0.9798797965049744
27,4361410,5,1234,598,0.35196202993392944
27,4361450,5,1228,649,0.9843233227729796
27,4361450,5,1233,650,0.5253697633743286
27,4361490,5,1231,706,0.9859763383865356
27,4361530,5,1229,767,0.9805012941360474
27,4361530,5,1234,766,0.7702012658119202
27,4361570,5,1230,791,0.9821080565452576
27,4361610,5,1228,788,0.9822869896888732
27,4361610,5,1233,789,0.3443353772163391
27,4361650,5,1229,788,0.9784787893295288
27,4361690,5,1211,727,0.9796858429908752
27,4361690,5,1206,725,0.07218556106090546
27,4361690,5,1213,732,0.06885837763547897
27,4361690,5,1212,723,0.06691877543926239
27,4361730,5,1184,656,0.982283651828766
27,4361730,5,1188,658,0.35546377301216125
27,4361770,5,1162,594,0.9886763095855712
27,4361770,5,1160,598,0.06606068462133408
27,4361770,5,1156,595,0.06517001986503601
27,4361810,5,1136,542,0.9835996627807616
27,4361810,5,1141,543,0.5587360858917236
27,4361850,5,1118,497,0.9823693633079528
27,4361890,5,1098,458,0.9885880947113036
27,4361930,5,1079,426,0.9891930222511292
27,4361970,5,1060,398,0.9814280271530152
27,4361970,5,1066,398,0.13460184633731842
27,4362010,5,1045,374,0.9801146388053894
27,4362050,5,1027,354,0.9917220473289491
27,4362050,5,1032,354,0.11983116716146468
27,4362090,5,1015,337,0.987824559211731
27,4362090,5,1010,337,0.2852720618247986
27,4362130,5,999,323,0.98920476436615
27,4362130,5,1004,324,0.07493141293525696
27,4362170,5,986,313,0.9918728470802308
27,4362210,5,972,305,0.9921140670776368
27,4362250,5,960,300,0.9908419847488404
27,4362290,5,949,295,0.990443766117096
27,4362330,5,936,293,0.9860915541648864
27,4362370,5,926,293,0.9885769486427308
27,4362410,5,916,295,0.9786173105239868
27,4362410,5,913,297,0.086829774081707
27,4362450,5,905,297,0.9805238246917723
27,4362450,5,910,297,0.16567616164684296
27,4362490,5,895,301,0.9914330244064332
27,4362490,5,900,302,0.292251318693161
27,4362530,5,887,305,0.991398811340332
27,4362570,5,878,313,0.3703519999980927
27,4362610,5,869,319,0.9863579273223876
27,4362650,5,865,301,0.1343102753162384
27,4362690,5,863,282,0.9966269731521606
27,4362730,5,856,265,0.9501556754112244
27,4362730,5,861,265,0.10057087987661363
27,4362770,5,854,251,0.9751682877540588
27,4362770,5,858,250,0.06781338900327682
27,4362810,5,849,238,0.9885514974594116
27,4362810,5,874,241,0.0524100661277771
27,4362850,5,845,227,0.9791381955146791
27,4362890,5,841,218,0.8842364549636841
27,4362890,5,845,217,0.09427930414676666
27,4362930,5,837,209,0.8852760791778564
27,4362970,5,835,202,0.9779561758041382
27,4363010,5,832,197,0.9269773364067078
27,4363050,5,828,192,0.9845726490020752
27,4363050,5,833,191,0.0511213056743145
27,4363090,5,824,190,0.10025438666343688
27,4363290,5,883,208,0.9887573122978209
27,4363330,5,904,220,0.9112597703933716
27,4363370,5,926,233,0.9824846386909484
27,4363410,5,949,249,0.8960375785827637
27,4363410,5,944,248,0.2599591910839081
27,4363410,5,950,253,0.060307417064905174
27,4363450,5,969,266,0.9757652282714844
27,4363450,5,963,266,0.2521793246269226
27,4363490,5,993,287,0.9881056547164916
27,4363530,5,1016,311,0.9917131662368774
27,4363530,5,1012,310,0.11675626784563065
27,4363530,5,1021,310,0.07090166956186295
27,4363570,5,1039,336,0.9716059565544128
27,4363610,5,1063,365,0.9875174164772034
27,4363610,5,1057,365,0.0535900741815567
27,4363650,5,1089,399,0.9753061532974244
27,4363650,5,1084,398,0.15712939202785492
27,4363690,5,1115,433,0.9910194277763368
27,4363690,5,1109,433,0.7231944799423218
27,4363730,5,1139,472,0.9869059920310974
27,4363730,5,1134,471,0.07323545217514038
27,4363770,5,1165,515,0.985926628112793
27,4363770,5,1160,514,0.16767631471157074
27,4363810,5,1191,561,0.9816253185272216
27,4363810,5,1195,563,0.4443903267383576
27,4363810,5,1187,559,0.05700307339429855
27,4363850,5,1217,592,0.9922458529472352
27,4363850,5,1212,592,0.6000736951828003
27,4363890,5,1238,591,0.990639328956604
27,4363890,5,1234,592,0.23838336765766144
27,4363890,5,1242,589,0.1261483132839203
27,4363930,5,1261,591,0.9947386384010316
27,4363930,5,1256,592,0.5408209562301636
27,4363970,5,1282,594,0.9900287985801696
27,4364010,5,1307,600,0.989319920539856
27,4364010,5,1301,600,0.16549015045166016
27,4364050,5,1329,608,0.9921169877052308
27,4364050,5,1335,606,0.1011790856719017
27,4364090,5,1353,617,0.9497709870338441
27,4364090,5,1358,618,0.4138872921466827
27,4364090,5,1349,618,0.17931748926639554
27,4364090,5,1355,622,0.060747455805540085
27,4364130,5,1377,631,0.9814907312393188
27,4364130,5,1373,628,0.15367120504379272
27,4364130,5,1383,630,0.10457948595285416
27,4364170,5,1401,647,0.98549485206604
27,4364170,5,1407,648,0.3921366930007935
27,4364210,5,1426,665,0.9803526401519777
27,4364210,5,1431,665,0.6425706148147583
27,4364250,5,1456,687,0.988973081111908
27,4364250,5,1451,689,0.07653500884771347
27,4364290,5,1482,713,0.9913718700408936
27,4364330,5,1511,741,0.9864454865455629
27,4364330,5,1506,743,0.2198743373155594
27,4364370,5,1537,774,0.9855574965476991
27,4364370,5,1541,777,0.06284619122743608
27,4364410,5,1570,810,0.99066823720932
27,4364450,5,1531,738,0.9864330887794496
27,4364450,5,1534,741,0.6834300756454468
27,4364450,5,1527,735,0.4438895881175995
27,4364450,5,1526,741,0.2514764666557312
27,4364490,5,1473,648,0.9807226061820984
27,4364490,5,1479,650,0.25464677810668945
27,4364490,5,1470,645,0.18802684545516968
27,4364490,5,1477,645,0.05885738879442215
27,4364530,5,1431,577,0.9786719083786012
27,4364530,5,1427,576,0.4437405467033386
27,4364530,5,1435,580,0.09457028657197952
27,4364570,5,1391,517,0.9850355386734008
27,4364610,5,1357,467,0.979262113571167
27,4364610,5,1353,467,0.7990199327468872
27,4364650,5,1327,426,0.979814350605011
27,4364650,5,1322,425,0.6922850608825684
27,4364690,5,1297,391,0.9648602604866028
27,4364690,5,1303,392,0.058081172406673424
27,4364770,5,1248,339,0.982608675956726
27,4364770,5,1253,339,0.5607447624206543
27,4364810,5,1231,319,0.9932690262794496
27,4364850,5,1211,304,0.992554247379303
27,4364850,5,1206,302,0.1638336181640625
27,4364930,5,1178,281,0.9360046982765198
27,4364930,5,1183,280,0.922495424747467
27,4364930,5,1187,283,0.09720978885889052
27,4364970,5,1165,274,0.9853606820106506
27,4364970,5,1160,273,0.2092011123895645
27,4365010,5,1151,269,0.9458258748054504
27,4365010,5,1155,270,0.058419041335582726
27,4365050,5,1139,265,0.9871793389320374
27,4365050,5,1134,264,0.1151176020503044
27,4365090,5,1126,263,0.9110624194145204
27,4365090,5,1132,264,0.06300964951515198
27,4365130,5,1118,263,0.9434204697608948
27,4365130,5,1114,262,0.26638177037239075
27,4365130,5,1123,262,0.1328772008419037
27,4365170,5,1104,265,0.9257145524024964
27,4365170,5,1110,265,0.443369209766388
27,4365210,5,1097,266,0.1144368126988411
27,4365250,5,1087,269,0.6413188576698303
27,4365250,5,1090,271,0.08257906138896942
27,4365290,5,1079,275,0.9314124584197998
27,4365290,5,1084,274,0.1121489629149437
27,4365370,5,1071,243,0.9901511669158936
27,4365370,5,1067,241,0.05131436884403229
27,4365410,5,1065,228,0.8700957298278809
27,4365410,5,1069,226,0.06603839993476868
27,4365450,5,1062,214,0.6508031487464905
27,4365530,5,1053,193,0.460198312997818
27,4365610,5,1046,175,0.2387668788433075
27,4365650,5,1042,170,0.336148202419281
27,4365690,5,1034,168,0.16091714799404144
27,4365890,5,987,172,0.3619014322757721
27,4365930,5,978,177,0.6597865223884583
27,4366010,5,957,193,0.5161527991294861
27,4366050,5,945,202,0.9934356212615968
27,4366090,5,932,213,0.9603329300880432
27,4366130,5,920,227,0.981533706188202
27,4366170,5,907,243,0.9740825295448304
27,4366250,5,880,280,0.8075166344642639
27,4366290,5,867,302,0.9944302439689636
27,4366330,5,854,325,0.9927031993865968
27,4366370,5,838,351,0.992799997329712
27,4366450,5,808,408,0.9823276996612548
27,4366490,5,789,439,0.9868049621582032
27,4366490,5,794,439,0.12590308487415314
27,4366530,5,774,474,0.9806376695632936
27,4366570,5,758,511,0.9889872670173644
27,4366610,5,740,518,0.9913924932479858
27,4366610,5,745,520,0.10738673061132432
27,4366650,5,731,511,0.9916756153106691
27,4366650,5,725,511,0.8355758190155029
27,4366690,5,713,504,0.9886652231216432
27,4366690,5,718,505,0.057251427322626114
27,4366730,5,699,499,0.98344224691391
27,4366730,5,694,499,0.08577800542116165
27,4366770,5,685,497,0.9925745725631714
27,4366810,5,671,496,0.9881182312965392
27,4366810,5,665,496,0.6264684200286865
27,4366850,5,653,496,0.9854352474212646
27,4366850,5,657,497,0.14274410903453827
27,4366890,5,635,499,0.9929486513137816
27,4366890,5,640,498,0.8447538018226624
27,4366930,5,621,503,0.9908149838447572
27,4366930,5,616,502,0.6242867708206177
27,4366970,5,602,510,0.9677056670188904
27,4366970,5,607,507,0.831355631351471
27,4366970,5,605,513,0.5460336804389954
27,4366970,5,609,501,0.1934048980474472
27,4366970,5,601,516,0.1563696712255478
27,4366970,5,597,509,0.0969383642077446
27,4366970,5,611,505,0.05739503726363183
27,4366970,5,600,504,0.05459137633442879
27,4367010,5,583,518,0.988358199596405
27,4367010,5,589,518,0.09537772834300996
27,4367050,5,567,528,0.9951962828636168
27,4367050,5,562,528,0.5214151740074158
27,4367090,5,546,540,0.9893758296966552
27,4367090,5,552,539,0.06391414999961853
27,4367130,5,528,555,0.9905363917350768
27,4367130,5,523,553,0.07045362889766693
27,4367170,5,510,571,0.9887657165527344
27,4367170,5,506,572,0.7038463950157166
27,4367210,5,488,590,0.9827515482902528
27,4367210,5,493,591,0.3401653468608856
27,4367250,5,469,612,0.9921185970306396
27,4367290,5,449,636,0.9912704229354858
27,4367330,5,428,662,0.9913641214370728
27,4367330,5,423,664,0.2417419254779816
27,4367370,5,413,678,0.9814575314521791
27,4367370,5,418,679,0.3610145151615143
27,4367370,5,410,682,0.27384769916534424
27,4367370,5,406,679,0.053786195814609535
27,4367410,5,461,611,0.9491028785705566
27,4367410,5,465,613,0.13422314822673798
27,4367450,5,502,557,0.9805917143821716
27,4367490,5,537,510,0.9755629301071168
27,4367490,5,533,512,0.3928207755088806
27,4367530,5,565,472,0.9899381399154664
27,4367570,5,593,439,0.9851408004760742
27,4367570,5,597,438,0.14452219009399414
27,4367610,5,617,413,0.983320951461792
27,4367650,5,639,391,0.9791982173919678
27,4367650,5,634,391,0.2760833501815796
27,4367690,5,655,371,0.9672240018844604
27,4367690,5,660,374,0.0859265923500061
27,4367730,5,671,357,0.8097720146179199
27,4367730,5,676,356,0.4401707053184509
27,4367730,5,679,354,0.08563815802335739
27,4367770,5,684,349,0.5436903834342957
27,4367770,5,687,345,0.3920016884803772
27,4367770,5,682,353,0.07584606111049652
27,4367770,5,689,340,0.0646093562245369
27,4367770,5,901,597,0.05887676030397415
27,4367770,5,683,343,0.05324915051460266
27,4367810,5,696,335,0.11722110211849213
27,4367810,5,901,595,0.0544283390045166
27,4367850,5,710,329,0.9459738731384276
27,4367850,5,714,331,0.2283936142921448
27,4367850,5,706,327,0.1484801471233368
27,4367850,5,901,595,0.09181417524814606
27,4367850,5,718,329,0.05216190218925476
27,4367890,5,721,323,0.9849132895469666
27,4367890,5,725,324,0.14229728281497955
27,4367890,5,901,596,0.10465678572654724
27,4367890,5,718,320,0.059226781129837036
27,4367930,5,729,320,0.992192566394806
27,4367930,5,733,319,0.15132316946983335
27,4367970,5,739,317,0.9324070811271667
27,4368010,5,747,316,0.9930561184883118
27,4368010,5,752,315,0.09783334285020827
27,4368050,5,756,313,0.9844385981559752
27,4368050,5,752,312,0.137186199426651
27,4368090,5,758,296,0.9926435351371764
27,4368090,5,763,295,0.33834555745124817
27,4368130,5,765,280,0.9942650198936462
27,4368170,5,770,265,0.9851475358009338
27,4368170,5,765,266,0.10408206284046173
27,4368250,5,776,243,0.9855563044548036
27,4368290,5,783,234,0.989498257637024
27,4368290,5,778,234,0.2009003460407257
27,4368330,5,786,226,0.9655485749244691
27,4368330,5,782,228,0.06649736315011978
27,4368370,5,787,220,0.9618418216705322
27,4368370,5,792,221,0.17480804026126862
27,4368410,5,791,216,0.9498468041419984
27,4368410,5,797,217,0.05382664129137993
27,4368450,5,795,214,0.95079505443573
27,4368450,5,800,213,0.1306973099708557
27,4368490,5,799,211,0.6103096604347229
27,4368530,5,792,209,0.7810760736465454
27,4368610,5,780,205,0.22254949808120728
27,4368690,5,765,208,0.8899096846580505
27,4368730,5,759,211,0.13517576456069946
27,4368770,5,751,214,0.8477305769920349
27,4368810,5,744,218,0.981389343738556
27,4368850,5,735,225,0.9649330973625184
27,4368890,5,728,233,0.994131863117218
27,4368930,5,722,243,0.9874251484870912
27,4368930,5,717,243,0.6779578924179077
27,4368970,5,714,255,0.9944074153900146
27,4368970,5,709,256,0.11574461311101912
27,4369010,5,704,270,0.991607904434204
27,4369010,5,709,272,0.08698951452970505
27,4369010,5,699,268,0.08190673589706421
27,4369010,5,713,274,0.050173331052064896
27,4369050,5,694,285,0.984616994857788
27,4369050,5,689,284,0.09236381202936172
27,4369090,5,685,303,0.993117094039917
27,4369130,5,673,322,0.9913166761398317
27,4369130,5,677,323,0.151905357837677
27,4369170,5,665,344,0.9892292618751526
27,4369170,5,660,344,0.1922648400068283
27,4369210,5,651,369,0.9777162671089172
27,4369210,5,658,369,0.06579480320215225
27,4369250,5,642,396,0.9783823490142822
27,4369250,5,637,395,0.08591832965612411
27,4369290,5,631,426,0.9919326901435852
27,4369290,5,625,426,0.18619586527347565
27,4369330,5,618,458,0.9832022786140442
27,4369330,5,613,458,0.5178689956665039
27,4369370,5,603,494,0.9692916870117188
27,4369370,5,608,493,0.2233267575502396
27,4369410,5,589,533,0.9632760882377625
27,4369410,5,593,536,0.0973989963531494
27,4369410,5,597,529,0.052881166338920586
27,4369450,5,574,576,0.9526938796043396
27,4369450,5,579,573,0.6502798795700073
27,4369450,5,571,580,0.5235335826873779
27,4369450,5,576,581,0.11541876941919328
27,4369450,5,581,568,0.07688405364751816
27,4369450,5,569,574,0.06659401953220367
27,4369490,5,558,623,0.8359564542770386
27,4369490,5,561,619,0.7087991237640381
27,4369490,5,555,627,0.4189755916595459
27,4369490,5,564,615,0.1506625860929489
27,4369530,5,541,671,0.9589172601699828
27,4369530,5,536,670,0.2555222511291504
27,4369530,5,547,671,0.12589365243911746
27,4369570,5,526,724,0.9836852550506592
27,4369570,5,520,723,0.09482645243406296
27,4369570,5,523,728,0.07299606502056122
27,4369610,5,504,782,0.9834074378013612
27,4369610,5,509,783,0.7495586276054382
27,2835610,10,931,272,0.9676895141601562
27,2835610,10,936,270,0.11119449883699416
27,2835650,10,915,324,0.4718571901321411
27,2835730,10,876,439,0.956848680973053
27,2835730,10,878,435,0.055244587361812585
27,2835770,10,853,508,0.8976345658302307
27,2835770,10,858,505,0.07451142370700836
27,2835810,10,839,517,0.98839008808136
27,2835810,10,834,519,0.06396134942770004
27,2835850,10,821,524,0.9839629530906676
27,2835850,10,826,525,0.14678774774074554
27,2835890,10,806,535,0.9888230562210084
27,2835930,10,786,549,0.9823166728019714
27,2835930,10,792,547,0.05141910165548325
27,2835970,10,767,567,0.9818800687789916
27,2836010,10,747,589,0.9907987117767334
27,2836010,10,742,591,0.346592515707016
27,2836050,10,723,615,0.9866098761558532
27,2836090,10,697,646,0.9919077157974244
27,2836130,10,669,683,0.9683231711387634
27,2836170,10,692,624,0.9786579608917236
27,2836210,10,714,566,0.9872635006904602
27,2836210,10,711,568,0.08303917944431305
27,2836250,10,735,517,0.9852698445320128
27,2836250,10,731,520,0.15954099595546722
27,2836290,10,751,476,0.4997805058956146
27,2836330,10,766,440,0.9785522818565368
27,2836330,10,771,439,0.0848587304353714
27,2836370,10,783,410,0.12531022727489471
27,2836410,10,776,424,0.9883257150650024
27,2836450,10,793,398,0.9826464653015136
27,2836450,10,788,397,0.06036462634801865
27,2836490,10,805,373,0.9889461398124696
27,2836530,10,817,354,0.9903940558433532
27,2836570,10,829,337,0.9427934288978576
27,2836570,10,825,339,0.09609363973140717
27,2836610,10,839,323,0.9856489896774292
27,2836610,10,845,323,0.10340020060539246
27,2836650,10,849,312,0.9923022985458374
27,2836650,10,853,310,0.08331495523452759
27,2836690,10,861,302,0.9798552989959716
27,2836690,10,857,303,0.09779597818851472
27,2836730,10,867,295,0.9613458514213562
27,2836730,10,871,295,0.0934998169541359
27,2836770,10,876,289,0.9798219203948976
27,2836810,10,887,285,0.99543958902359
27,2836810,10,891,284,0.20552155375480646
27,2836850,10,893,283,0.5914490818977356
27,2836890,10,900,281,0.5652832388877869
27,2836930,10,907,282,0.980072021484375
27,2836930,10,911,284,0.07817188650369644
27,2837010,10,922,286,0.983520209789276
27,2837010,10,927,285,0.07646588236093521
27,2837050,10,927,288,0.9750155806541444
27,2837050,10,931,287,0.6480705142021179
27,2837050,10,933,283,0.05117680877447128
27,2837090,10,932,279,0.8837094306945801
27,2837170,10,934,246,0.7954761385917664
27,2837210,10,937,232,0.7620514035224915
27,2837290,10,941,209,0.9521389603614808
27,2837290,10,936,210,0.08506254106760025
27,2837330,10,942,199,0.8092640042304993
27,2837370,10,942,192,0.0636771097779274
27,2837410,10,944,186,0.7990504503250122
27,2837450,10,946,180,0.9179695844650269
27,2837450,10,949,182,0.06894540041685104
27,2837450,10,942,177,0.06269653141498566
27,2837490,10,947,175,0.9808048605918884
27,2837490,10,944,177,0.08647192269563675
27,2837530,10,947,172,0.7837297320365906
27,2837570,10,948,170,0.5366282463073729
27,2837610,10,948,169,0.2043215483427048
27,2837770,10,994,186,0.129036083817482
27,2837810,10,1008,197,0.07663540542125702
27,2837850,10,1020,208,0.9775859117507936
27,2837890,10,1033,223,0.8846583366394043
27,2837930,10,1047,240,0.978219509124756
27,2837930,10,1052,238,0.14992015063762665
27,2837970,10,1061,260,0.219359427690506
27,2838010,10,1077,282,0.9931275844573976
27,2838010,10,1083,283,0.09766077995300293
27,2838050,10,1090,308,0.9886172413825988
27,2838050,10,1095,310,0.1520482301712036
27,2838090,10,1107,337,0.9192933440208436
27,2838090,10,1112,336,0.061511240899562836
27,2838130,10,1122,370,0.9713823199272156
27,2838170,10,1137,406,0.9756225943565368
27,2838210,10,1152,445,0.9810109734535216
27,2838210,10,1157,444,0.07318024337291718
27,2838210,10,1156,448,0.056520942598581314
27,2838250,10,1167,488,0.954152286052704
27,2838250,10,1173,488,0.0823051854968071
27,2838290,10,1185,535,0.9871774911880492
27,2838290,10,1190,536,0.2785344123840332
27,2838330,10,1202,587,0.9856243133544922
27,2838330,10,1207,587,0.11506299674510954
27,2838370,10,1219,643,0.9882583022117616
27,2838410,10,1234,672,0.9943841695785522
27,2838410,10,1239,672,0.2145638316869736
27,2838450,10,1250,674,0.987536370754242
27,2838490,10,1265,677,0.989212155342102
27,2838490,10,1270,678,0.3512963354587555
27,2838530,10,1282,684,0.9932290315628052
27,2838570,10,1302,693,0.9920276999473572
27,2838570,10,1306,692,0.05901870876550674
27,2838610,10,1318,704,0.9935125708580016
27,2838650,10,1336,720,0.9883208274841307
27,2838650,10,1342,720,0.15028108656406405
27,2838690,10,1359,738,0.9923313856124878
27,2838730,10,1379,758,0.9902039766311646
27,2838770,10,1402,785,0.9871264100074768
27,2838770,10,1408,787,0.19671665132045746
27,2838810,10,1356,734,0.9758839011192322
27,2838810,10,1361,736,0.3847001791000366
27,2838810,10,1352,732,0.08892057836055756
27,2838850,10,1303,674,0.9804970026016236
27,2838850,10,1308,677,0.2341368645429611
27,2838890,10,1258,623,0.9839383959770204
27,2838890,10,1261,625,0.3548540472984314
27,2838930,10,1216,577,0.9787797331809998
27,2838930,10,1222,578,0.08897601813077928
27,2838970,10,1181,538,0.9850495457649232
27,2838970,10,1177,539,0.20971955358982086
27,2839010,10,1149,504,0.9809551835060121
27,2839010,10,1143,504,0.256362646818161
27,2839050,10,1118,474,0.9833518862724304
27,2839050,10,1121,473,0.05194314569234848
27,2839090,10,1093,448,0.991676926612854
27,2839090,10,1088,447,0.5578975677490234
27,2839130,10,1064,424,0.9886515140533448
27,2839130,10,1070,423,0.1267872154712677
27,2839170,10,1044,404,0.9903863668441772
27,2839170,10,1039,404,0.2056485414505005
27,2839210,10,1022,386,0.98784339427948
27,2839210,10,1027,383,0.11174165457487106
27,2839250,10,1004,371,0.9739509224891664
27,2839250,10,1028,387,0.08706331253051758
27,2839250,10,1009,372,0.07252787798643112
27,2839290,10,985,357,0.987995445728302
27,2839330,10,969,346,0.9175368547439576
27,2839370,10,1025,389,0.05667852610349655
27,2839450,10,924,319,0.9535392522811891
27,2839450,10,920,317,0.2390705049037933
27,2839450,10,932,319,0.22535237669944766
27,2839490,10,911,312,0.898316502571106
27,2839530,10,898,307,0.9874444007873536
27,2839530,10,903,308,0.11312054097652435
27,2839570,10,886,304,0.33766987919807434
27,2839610,10,876,300,0.9679743647575378
27,2839650,10,865,298,0.8510978221893309
27,2839690,10,856,296,0.6187412738800049
27,2839730,10,844,296,0.419815331697464
27,2839770,10,836,296,0.9794970750808716
27,2839850,10,820,295,0.8849226236343384
27,2839930,10,808,269,0.986987829208374
27,2839930,10,812,269,0.11120526492595673
27,2839970,10,804,259,0.2419722229242325
27,2840050,10,794,241,0.9918652176856996
27,2840050,10,798,238,0.05314978584647178
27,2840250,10,773,217,0.828568160533905
27,2840250,10,770,215,0.1538783311843872
27,2840250,10,771,220,0.06156899407505989
27,2840290,10,769,215,0.7032716870307922
27,2840370,10,766,219,0.9871304631233216
27,2840370,10,762,217,0.4528838992118835
27,2840410,10,763,226,0.8039233088493347
27,2840410,10,760,224,0.2910693287849426
27,2840450,10,758,235,0.11782507598400115
27,2840490,10,754,243,0.9633495211601256
27,2840490,10,759,242,0.0651562511920929
27,2840490,10,755,240,0.06383049488067627
27,2840530,10,750,257,0.9897308349609376
27,2840570,10,747,270,0.9763733148574828
27,2840570,10,750,267,0.3620786666870117
27,2840570,10,743,272,0.3175204396247864
27,2840570,10,744,268,0.10489405691623688
27,2840570,10,747,264,0.0536026656627655
27,2840610,10,739,290,0.9766358137130736
27,2840610,10,744,290,0.07506170868873596
27,2840650,10,733,310,0.9822678565979004
27,2840690,10,725,334,0.9800654053688048
27,2840730,10,718,359,0.9576295614242554
27,2840770,10,711,390,0.9823207855224608
27,2840810,10,700,423,0.9903575778007508
27,2840810,10,705,422,0.16085650026798248
27,2840850,10,691,459,0.9668516516685486
27,2840890,10,681,499,0.9861949682235718
27,2840930,10,670,544,0.9857535362243652
27,2840930,10,667,547,0.06888151913881302
27,2840930,10,673,546,0.06474053114652634
27,2840970,10,657,591,0.9804875254631042
27,2840970,10,661,594,0.1340833306312561
27,2841010,10,646,640,0.991913080215454
27,2841050,10,636,642,0.98857319355011
27,2841050,10,630,640,0.055645570158958435
27,2841090,10,625,647,0.9929063320159912
27,2841130,10,611,654,0.9922547340393066
27,2841170,10,600,664,0.9909537434577942
27,2841210,10,586,676,0.9889305233955384
27,2841210,10,592,676,0.07916733622550964
27,2841250,10,575,692,0.991762399673462
27,2841250,10,570,694,0.07772628962993622
27,2841290,10,559,711,0.9820792675018309
27,2841290,10,565,711,0.07662355154752731
27,4172390,13,964,209,0.5061465501785278
27,4172510,13,1005,355,0.9864713549613952
27,4172510,13,1007,361,0.0996616706252098
27,4172550,13,1017,410,0.9819471836090088
27,4172590,13,1029,473,0.9791841506958008
27,4172590,13,1031,476,0.10774567723274232
27,4172630,13,1041,531,0.9807071685791016
27,4172630,13,1037,533,0.1312747597694397
27,4172630,13,1045,533,0.07620444893836975
27,4172670,13,1052,535,0.990284025669098
27,4172710,13,1065,543,0.9936906099319458
27,4172750,13,1078,554,0.9816917181015016
27,4172750,13,1072,554,0.14597326517105105
27,4172790,13,1086,569,0.982563018798828
27,4172790,13,1091,570,0.9035558700561525
27,4172830,13,1103,590,0.9912733435630798
27,4172830,13,1098,591,0.4517174065113068
27,4172870,13,1113,613,0.9829155206680298
27,4172910,13,1124,641,0.982377290725708
27,4172910,13,1129,641,0.06466381251811981
27,4172950,13,1138,674,0.9842283725738524
27,4172990,13,1151,712,0.9906303286552428
27,4173030,13,1146,690,0.9899243712425232
27,4173030,13,1149,695,0.5469198822975159
27,4173070,13,1127,624,0.9786139130592346
27,4173070,13,1123,621,0.08362886309623717
27,4173110,13,1109,565,0.9798994064331056
27,4173150,13,1094,515,0.9865385293960572
27,4173190,13,1078,473,0.9867201447486876
27,4173230,13,1065,437,0.9851951003074646
27,4173270,13,1055,407,0.9868200421333312
27,4173270,13,1051,406,0.1227755919098854
27,4173310,13,1040,380,0.8088083863258362
27,4173350,13,1035,358,0.9897016286849976
27,4173350,13,1029,359,0.5056926608085632
27,4173390,13,1024,340,0.9711419939994812
27,4173390,13,1020,339,0.05028331279754639
27,4173430,13,1013,322,0.9917318820953368
27,4173430,13,1018,323,0.057916369289159775
27,4173470,13,1007,310,0.9949097037315368
27,4173470,13,1002,309,0.18012773990631106
27,4173510,13,999,299,0.9820797443389891
27,4173550,13,991,290,0.9854915142059326
27,4173590,13,985,284,0.9738613367080688
27,4173590,13,980,282,0.1820835918188095
27,4173630,13,977,278,0.9932340979576112
27,4173630,13,981,280,0.11586962640285492
27,4173670,13,972,275,0.991597592830658
27,4173710,13,966,273,0.9908841252326964
27,4173710,13,970,276,0.06596823781728745
27,4173750,13,960,272,0.9822459220886229
27,4173790,13,955,273,0.9907580614089966
27,4173790,13,960,272,0.2333541214466095
27,4173830,13,952,275,0.989597737789154
27,4173870,13,947,278,0.9900834560394288
27,4173910,13,943,280,0.987016499042511
27,4173910,13,940,283,0.056864399462938316
27,4173950,13,940,263,0.9884178042411804
27,4173950,13,936,261,0.09168518334627153
27,4173990,13,937,246,0.7764496207237244
27,4174030,13,935,232,0.9841869473457336
27,4174030,13,939,231,0.272671639919281
27,4174030,13,930,231,0.0879271849989891
27,4174110,13,926,210,0.187798336148262
27,4174150,13,926,197,0.963449776172638
27,4174150,13,922,195,0.1468896120786667
27,4174190,13,922,189,0.20478090643882751
27,4174270,13,917,177,0.06733544915914537
27,4174350,13,911,167,0.32723620533943176
27,4174390,13,909,164,0.9837639331817628
27,4174390,13,915,162,0.07060445100069046
27,4174430,13,907,163,0.9780152440071106
27,4174430,13,901,163,0.2635407745838165
27,4174430,13,912,162,0.2046213299036026
27,4174470,13,902,162,0.974860906600952
27,4174510,13,897,162,0.9607520699501038
27,4174550,13,892,164,0.9229310750961304
27,4174590,13,887,168,0.9884223341941832
27,4174670,13,874,182,0.9890975952148438
27,4174670,13,872,186,0.10882990807294846
27,4174670,13,869,181,0.09893036633729936
27,4174830,13,841,236,0.9923251867294312
27,4174870,13,832,256,0.9912915229797364
27,4174910,13,821,278,0.9923743605613708
27,4174950,13,810,303,0.9885903000831604
27,4174990,13,799,334,0.9829241633415222
27,4175030,13,786,364,0.9858002662658693
27,4175030,13,791,365,0.670873761177063
27,4175070,13,779,399,0.9917073845863342
27,4175070,13,773,399,0.8250532150268555
27,4175110,13,763,438,0.9899817109107972
27,4175150,13,751,480,0.986665427684784
27,4175150,13,746,480,0.17971324920654294
27,4175190,13,735,526,0.9827685952186584
27,4175230,13,719,576,0.9870783090591432
27,4175230,13,724,578,0.6021220684051514
27,4175270,13,705,630,0.9851324558258056
27,4175270,13,710,628,0.24715887010097504
27,4175310,13,691,663,0.9905436635017396
27,4175350,13,677,662,0.985712230205536
27,4175350,13,681,663,0.14662577211856842
27,4175390,13,665,663,0.9868927597999572
27,4175430,13,647,666,0.9870530962944032
27,4175430,13,653,667,0.10982047766447067
27,4175470,13,635,673,0.9935473799705504
27,4175470,13,630,674,0.07787038385868073
27,4175510,13,617,682,0.9863837361335754
27,4175550,13,599,694,0.9942135214805604
27,4175590,13,581,708,0.98665452003479
27,4175590,13,586,709,0.3909468352794647
27,4175630,13,561,727,0.9928343296051024
27,4175630,13,566,727,0.8445324897766113
27,4175670,13,543,748,0.9921646118164062
27,4175710,13,602,675,0.9710418581962584
27,4175710,13,598,678,0.5019058585166931
27,4175710,13,607,674,0.16082127392292025
27,4175750,13,668,601,0.9739829301834106
27,4175750,13,663,603,0.5183053016662598
27,4175790,13,719,538,0.9828324913978576
27,4175790,13,725,538,0.7663475871086121
27,4175830,13,766,486,0.9782283306121826
27,4175830,13,771,487,0.6879783868789673
27,4175870,13,808,442,0.9863643050193788
27,4175910,13,844,406,0.9859902858734132
27,4175950,13,877,375,0.9840302467346193
27,4175950,13,872,375,0.6854074001312256
27,4175990,13,901,347,0.9582661390304564
27,4175990,13,905,345,0.07021348923444748
27,4176030,13,925,324,0.9895471334457396
27,4176030,13,930,325,0.07381968945264816
27,4176070,13,950,307,0.9504671096801758
27,4176070,13,952,311,0.6521940231323242
27,4176070,13,953,316,0.06315472722053528
27,4176110,13,967,290,0.9837613701820374
27,4176110,13,964,292,0.16323676705360413
27,4176110,13,958,297,0.06711579859256744
27,4176150,13,984,276,0.9924512505531312
27,4176190,13,999,264,0.9946265816688538
27,4176190,13,1005,264,0.09353186935186386
27,4176230,13,1015,255,0.993973195552826
27,4176230,13,1012,253,0.057083189487457275
27,4176270,13,1027,248,0.9870987534523009
27,4176270,13,1032,248,0.1958940029144287
27,4176310,13,1039,242,0.9794852137565612
27,4176310,13,1043,240,0.2883599102497101
27,4176350,13,1050,238,0.9736811518669128
27,4176350,13,1047,236,0.5619482398033142
27,4176430,13,1069,236,0.9862363934516908
27,4176510,13,1085,237,0.9734389185905457
27,4176510,13,1089,236,0.07878636568784714
27,4176550,13,1091,239,0.9803029298782348
27,4176550,13,1096,239,0.3939761519432068
27,4176590,13,1097,242,0.9353401064872742
27,4176590,13,1101,239,0.1033233404159546
27,4176590,13,1095,238,0.09357167780399324
27,4176630,13,1104,246,0.9810240268707277
27,4176630,13,1107,243,0.15088514983654022
27,4176670,13,1109,237,0.9868465065956116
27,4176670,13,1105,238,0.1197393834590912
27,4176710,13,1112,220,0.07704155892133713
27,4176750,13,1115,206,0.9824752211570741
27,4176790,13,1120,193,0.9829937219619752
27,4176790,13,1116,192,0.2386760413646698
27,4176830,13,1120,182,0.9769790768623352
27,4176910,13,1127,163,0.3603488802909851
27,4176910,13,1131,161,0.06657994538545609
27,4177190,13,1074,161,0.6713579297065735
27,4177190,13,1077,164,0.11716734617948532
27,4177230,13,1063,167,0.977519154548645
27,4177230,13,1067,169,0.06854203343391417
27,4177270,13,1051,176,0.9804847836494446
27,4177310,13,1037,187,0.9895231127738952
27,4177350,13,1022,200,0.9728168845176696
27,4177350,13,1017,199,0.062327370047569275
27,4177390,13,1008,214,0.9843589067459106
27,4177390,13,1003,213,0.3582958281040192
27,4177430,13,991,234,0.9757762551307678
27,4177470,13,972,252,0.9922696352005004
27,4177510,13,954,273,0.9886826872825624
27,4177510,13,958,275,0.11671306937932968
27,4177550,13,936,300,0.9809368252754213
27,4177550,13,943,301,0.14993442595005035
27,4177550,13,940,298,0.08980388194322586
27,4177590,13,918,326,0.9902395009994508
27,4177630,13,895,355,0.9854688048362732
27,4177630,13,900,354,0.08540409803390503
27,4177670,13,875,388,0.9880516529083252
27,4177670,13,880,387,0.2991560697555542
27,4177710,13,854,423,0.9876375198364258
27,4177710,13,849,423,0.480884999036789
27,4177750,13,830,463,0.9898334741592408
27,4177790,13,802,504,0.9893615841865541
27,4177790,13,807,505,0.642827570438385
27,4177830,13,780,550,0.98939311504364
27,4177830,13,775,551,0.09334594011306764
27,4177870,13,753,598,0.9925040006637572
27,4177910,13,729,609,0.9896696209907532
27,4177910,13,734,608,0.10168588161468506
27,4177950,13,711,607,0.9813076257705688
27,4177990,13,690,606,0.9878053665161132
27,4178030,13,667,607,0.9904952049255372
27,4178070,13,641,610,0.9863131046295166
27,4178070,13,646,610,0.7661361098289491
27,4178110,13,621,615,0.9904520511627196
27,4178110,13,616,616,0.1041785255074501
27,4178150,13,595,623,0.9888325929641724
27,4178150,13,591,621,0.05328269302845001
27,4178190,13,569,633,0.9921600222587584
27,4178230,13,541,646,0.9946117401123048
27,4178230,13,545,647,0.22021745145320887
27,4178270,13,516,661,0.9527790546417236
27,4178270,13,513,664,0.5565478801727295
27,4178270,13,518,658,0.4730087518692017
27,4178270,13,513,658,0.09326103329658507
27,4178310,13,487,675,0.9596256613731384
27,4178310,13,492,675,0.4396945536136627
27,4178310,13,482,673,0.19439300894737244
27,4178350,13,537,600,0.8914819359779358
27,4178350,13,542,596,0.4591813087463379
27,4178350,13,533,603,0.3652470111846924
27,4178350,13,534,597,0.18293167650699613
27,4178350,13,541,603,0.11227328330278397
27,4178390,13,576,534,0.9586029648780824
27,4178390,13,579,530,0.6216979026794434
27,4178390,13,572,537,0.4437911808490753
27,4178390,13,582,535,0.44008323550224304
27,4178390,13,574,542,0.13952206075191498
27,4178390,13,576,527,0.05123743042349816
27,4178430,13,613,484,0.9854022264480592
27,4178430,13,608,483,0.3274417519569397
27,4178470,13,641,438,0.9935122132301332
27,4178510,13,665,401,0.9909359812736512
27,4178510,13,671,401,0.06293696910142899
27,4178550,13,686,369,0.9768579006195068
27,4178550,13,691,369,0.3191759288311005
27,4178590,13,707,342,0.987447202205658
27,4178630,13,723,318,0.986276149749756
27,4178670,13,737,300,0.9776952862739564
27,4178670,13,732,299,0.09029357135295868
27,4178710,13,748,281,0.9916084408760072
27,4178710,13,752,283,0.05815302208065986
27,4178750,13,759,269,0.992996633052826
27,4178750,13,763,270,0.10334406793117523
27,4178790,13,768,257,0.9939226508140564
27,4178790,13,773,258,0.12148704379796982
27,4178830,13,778,248,0.9926404356956482
27,4178830,13,774,249,0.0885416567325592
27,4178870,13,784,241,0.9911240339279176
27,4178910,13,790,234,0.9668908715248108
27,4178910,13,785,234,0.13313160836696625
27,4178950,13,794,231,0.9806423783302308
27,4178990,13,798,227,0.9745526313781738
27,4178990,13,803,229,0.10521968454122543
27,4179030,13,802,226,0.9846114516258241
27,4179030,13,807,227,0.4094729721546173
27,4179070,13,805,226,0.982057809829712
27,4179070,13,810,226,0.7883619666099548
27,4179110,13,810,226,0.9832503199577332
27,4179110,13,804,227,0.08732064813375473
27,4179150,13,812,228,0.9379864335060121
27,4179150,13,806,229,0.09263533353805542
27,4179190,13,813,231,0.9756652712821959
27,4179230,13,813,234,0.974650263786316
27,4179270,13,815,238,0.990844428539276
27,4179270,13,810,238,0.20575948059558868
27,4179350,13,816,219,0.14802923798561096
27,4179390,13,816,205,0.4037217199802399
27,4179430,13,818,192,0.9803749918937684
27,4179470,13,820,181,0.5910131335258484
27,4179550,13,822,166,0.3465692102909088
27,4179590,13,821,158,0.13657735288143158
27,4179710,13,825,142,0.7600120306015015
27,4179710,13,831,141,0.1244826763868332
27,4179750,13,824,139,0.9669983386993408
27,4179790,13,825,137,0.8199480175971985
27,4180230,13,832,193,0.7475178837776184
27,4180230,13,836,192,0.07847883552312851
27,4180270,13,833,209,0.9871267676353456
27,4180270,13,828,207,0.07077865302562714
27,4180310,13,833,228,0.9937263131141664
27,4180350,13,833,249,0.9864612221717834
27,4180390,13,832,273,0.9918768405914308
27,4180430,13,835,300,0.9903771281242372
27,4180470,13,832,327,0.994419515132904
27,4180510,13,833,358,0.9874447584152222
27,4180550,13,834,391,0.9928948283195496
27,4180590,13,832,427,0.9932483434677124
27,4180630,13,833,465,0.985112726688385
27,4180630,13,829,464,0.13603277504444122
27,4180670,13,830,506,0.9862077236175536
27,4180710,13,829,551,0.9826124906539916
27,4180710,13,834,550,0.07828253507614136
27,4180750,13,829,556,0.9929714798927308
27,4180750,13,824,555,0.13744401931762695
27,4180790,13,828,549,0.9901019334793092
27,4180830,13,825,543,0.9931241869926452
27,4180830,13,821,541,0.09232498705387117
27,4180870,13,822,538,0.9906636476516724
27,4180910,13,820,536,0.9899396300315856
27,4180950,13,818,535,0.9894240498542786
27,4180950,13,813,535,0.08931821584701538
27,4180990,13,815,537,0.9864418506622314
27,4181030,13,811,541,0.9853287339210509
27,4181030,13,815,541,0.5173795819282532
27,4181070,13,808,546,0.9892130494117736
27,4181070,13,814,546,0.2425007373094559
27,4181110,13,805,554,0.9938522577285768
27,4181150,13,805,563,0.9932681918144226
27,4181190,13,799,576,0.9843648076057434
27,4181190,13,804,577,0.8458024859428406
27,4181230,13,799,591,0.9900111556053162
27,4181270,13,796,608,0.9893612265586852
27,4181270,13,791,607,0.06156046688556671
27,4181310,13,790,601,0.979288637638092
27,4181310,13,794,603,0.5442757606506348
27,4181350,13,784,534,0.9804841876029968
27,4181390,13,778,480,0.9798790216445924
27,4181390,13,773,479,0.0651434138417244
27,4181430,13,772,435,0.9860931038856506
27,4181470,13,764,399,0.9843297600746156
27,4181470,13,771,399,0.4864411056041718
27,4181510,13,762,370,0.9849969148635864
27,4181550,13,756,347,0.9799072742462158
27,4181590,13,752,327,0.99403715133667
27,4181630,13,749,313,0.9799572825431824
27,4181630,13,746,310,0.08043248951435089
27,4181670,13,746,303,0.9870125651359558
27,4181710,13,742,295,0.9857012033462524
27,4181710,13,747,295,0.06541963666677475
27,4181750,13,741,290,0.9933818578720092
27,4181790,13,740,287,0.9887401461601256
27,4181790,13,735,288,0.19350974261760712
27,4181830,13,735,287,0.9886975288391112
27,4181830,13,740,288,0.14503763616085052
27,4181870,13,734,287,0.9884620904922484
27,4181870,13,729,288,0.07841039448976518
27,4181910,13,731,289,0.9833828806877136
27,4181910,13,735,287,0.07679475098848343
27,4181950,13,729,292,0.9864665865898132
27,4181950,13,733,290,0.1200014278292656
27,4181990,13,728,281,0.8776839375495911
27,4182030,13,724,261,0.9943335056304932
27,4182030,13,728,260,0.418564647436142
27,4182070,13,722,243,0.8316023349761963
27,4182150,13,717,211,0.9798977971076964
27,4182150,13,712,210,0.06853026151657103
27,4182150,13,721,209,0.05298363417387009
27,4182190,13,714,199,0.9835863709449768
27,4182190,13,710,200,0.09043066948652267
27,4182230,13,713,188,0.9484497904777528
27,4182270,13,710,180,0.9592694640159608
27,4182270,13,706,182,0.06329219788312912
27,4182310,13,706,172,0.8582310080528259
27,4183990,14,595,370,0.9851669669151306
27,4183990,14,590,369,0.05803283303976059
27,4184030,14,590,395,0.9896734952926636
27,4184070,14,585,420,0.9864214658737184
27,4184110,14,583,447,0.9917507767677308
27,4184110,14,578,447,0.9178900122642516
27,4184150,14,578,476,0.988037109375
27,4184150,14,582,477,0.08882957696914673
27,4184190,14,573,507,0.9647420644760132
27,4184190,14,568,506,0.2433014363050461
27,4184190,14,575,512,0.11707786470651628
27,4184230,14,567,539,0.9275174736976624
27,4184230,14,565,535,0.3185205161571503
27,4184230,14,571,535,0.2388969361782074
27,4184230,14,567,545,0.1057693213224411
27,4184230,14,563,541,0.09874992072582243
27,4184270,14,563,575,0.9491572380065918
27,4184270,14,566,577,0.4294936060905457
27,4184270,14,559,572,0.12444303184747695
27,4184310,14,560,610,0.9836754202842712
27,4184310,14,555,610,0.4534081518650055
27,4184350,14,553,615,0.9920536279678344
27,4184390,14,548,604,0.993588089942932
27,4184390,14,553,606,0.14129263162612915
27,4184430,14,545,595,0.9343349933624268
27,4184430,14,543,599,0.05299325659871101
27,4184470,14,542,585,0.8925917744636536
27,4184470,14,544,581,0.3287418782711029
27,4184470,14,541,591,0.25084203481674194
27,4184510,14,537,579,0.9753317832946776
27,4184510,14,532,577,0.3369089663028717
27,4184510,14,542,576,0.07291272282600403
27,4184550,14,531,574,0.9847071766853333
27,4184550,14,537,574,0.11749402433633804
27,4184550,14,527,572,0.11377233266830444
27,4184590,14,528,569,0.9913710355758668
27,4184590,14,523,569,0.11210723966360092
27,4184630,14,522,567,0.993177890777588
27,4184670,14,519,567,0.9921971559524536
27,4184670,14,514,566,0.25795066356658936
27,4184710,14,513,567,0.9862176775932312
27,4184710,14,509,569,0.2662777006626129
27,4184750,14,509,570,0.9931424856185912
27,4184790,14,502,574,0.9891210198402404
27,4184830,14,501,580,0.9894675612449646
27,4184830,14,496,581,0.29955101013183594
27,4184870,14,496,588,0.9940876960754396
27,4184870,14,491,587,0.15529265999794006
27,4184910,14,509,580,0.6533362865447998
27,4184950,14,585,527,0.8827260136604309
27,4184950,14,590,529,0.1240210011601448
27,4184950,14,587,532,0.0937216505408287
27,4184950,14,580,525,0.0730513334274292
27,4184950,14,581,532,0.0716145932674408
27,4184990,14,646,483,0.9815462231636048
27,4184990,14,651,482,0.22355479001998899
27,4184990,14,643,485,0.17725643515586853
27,4185030,14,702,445,0.9878772497177124
27,4185070,14,750,416,0.9849837422370912
27,4185070,14,755,415,0.4066806733608246
27,4185110,14,796,391,0.9835984706878662
27,4185150,14,837,371,0.9788165092468262
27,4185190,14,872,354,0.9767256379127502
27,4185190,14,868,355,0.17071497440338135
27,4185230,14,902,342,0.9564094543457032
27,4185270,14,932,331,0.982517421245575
27,4185270,14,927,329,0.5619216561317444
27,4185270,14,938,331,0.17651501297950745
27,4185310,14,959,324,0.9817070364952089
27,4185310,14,954,321,0.17339466512203214
27,4185350,14,979,319,0.9831969738006592
27,4185350,14,983,321,0.10329006612300873
27,4185390,14,1003,316,0.984002411365509
27,4185430,14,1022,315,0.9351924657821656
27,4185510,14,1059,312,0.9914843440055848
27,4185550,14,1070,293,0.9887207150459291
27,4185550,14,1074,295,0.07034701853990555
27,4185590,14,1081,276,0.9910491704940796
27,4185590,14,1086,276,0.2490207701921463
27,4185630,14,1093,263,0.9832582473754884
27,4185630,14,1089,260,0.11100231856107713
27,4185630,14,1098,262,0.06061260402202606
27,4185670,14,1105,249,0.9813273549079896
27,4185670,14,1101,246,0.05560433119535446
27,4185710,14,1114,237,0.9896159172058104
27,4185710,14,1119,237,0.21290309727191925
27,4185750,14,1125,229,0.9761942625045776
27,4185750,14,1120,229,0.07998023927211761
27,4185830,14,1143,213,0.9741204380989076
27,4185990,14,1174,202,0.8688400387763977
27,4185990,14,1178,203,0.13054896891117096
27,4186030,14,1183,202,0.974614918231964
27,4186030,14,1188,201,0.051981989294290536
27,4186070,14,1191,202,0.9780478477478028
27,4186070,14,1186,202,0.08752606809139253
27,4186110,14,1197,202,0.7528869509696959
27,4186110,14,1192,201,0.3764517307281494
27,4186110,14,1177,192,0.21127618849277496
27,4186110,14,1186,197,0.14649607241153714
27,4186110,14,1172,190,0.11549100279808044
27,4186110,14,1182,194,0.10549325495958327
27,4186350,14,1137,195,0.9619160294532776
27,4186390,14,1127,197,0.9748418927192688
27,4186390,14,1123,199,0.2731025516986847
27,4186430,14,1113,201,0.9592543244361876
27,4186430,14,1117,202,0.06123429536819457
27,4186470,14,1100,207,0.9422786235809326
27,4186550,14,1072,222,0.3429808616638184
27,4186590,14,1058,232,0.9359513521194458
27,4186590,14,1062,230,0.07932522147893906
27,4186630,14,1041,243,0.9473546743392944
27,4186630,14,1037,241,0.1777750700712204
27,4186670,14,1025,258,0.9832587242126464
27,4186670,14,1029,259,0.13469713926315308
27,4186710,14,1008,274,0.9761444926261902
27,4186710,14,1014,274,0.07143606245517731
27,4186750,14,991,292,0.5472996830940247
27,4186790,14,972,311,0.9872756600379944
27,4186830,14,954,333,0.9560704231262208
27,4186830,14,952,330,0.2548127770423889
27,4186830,14,959,334,0.1103752925992012
27,4186870,14,935,357,0.8895905017852783
27,4186870,14,938,361,0.11618495732545853
27,4186870,14,937,351,0.06375992298126221
27,4186910,14,914,384,0.9819449186325072
27,4186910,14,920,383,0.10798398405313492
27,4186950,14,891,414,0.9863995313644408
27,4186990,14,869,444,0.9874130487442015
27,4187030,14,845,479,0.9899647831916808
27,4187030,14,849,479,0.0626063123345375
27,4187070,14,821,516,0.9905744194984436
27,4187110,14,795,556,0.9940106272697448
27,4187150,14,768,597,0.9890499114990234
27,4187150,14,773,598,0.07672345638275146
27,4187190,14,746,625,0.9843155741691588
27,4187230,14,727,618,0.987395703792572
27,4187270,14,708,613,0.9904173612594604
27,4187310,14,687,610,0.9870474338531494
27,4187350,14,667,608,0.9900040030479432
27,4187390,14,646,609,0.8811267018318176
27,4187390,14,640,609,0.6511573791503906
27,4187470,14,601,615,0.9856047034263612
27,4187510,14,578,621,0.9881886839866638
27,4187550,14,554,630,0.9902633428573608
27,4187550,14,559,630,0.1344430297613144
27,4187590,14,554,610,0.9888355135917664
27,4187590,14,552,614,0.13188956677913666
27,4187630,14,584,552,0.9886195659637452
27,4187630,14,580,554,0.21388055384159088
27,4187670,14,607,504,0.9917993545532228
27,4187670,14,613,503,0.08253753930330276
27,4187710,14,630,464,0.989623248577118
27,4187750,14,647,430,0.988422691822052
27,4187750,14,652,430,0.050521593540906906
27,4187790,14,664,402,0.9829014539718628
27,4187830,14,678,378,0.9888889193534852
27,4187870,14,690,360,0.9502967596054076
27,4187870,14,684,360,0.35818254947662354
27,4187910,14,696,343,0.8656380772590637
27,4187950,14,705,330,0.9819540977478028
27,4187990,14,711,322,0.8491134047508241
27,4188030,14,719,311,0.9765264391899108
27,4188070,14,724,304,0.9574726819992064
27,4188070,14,729,304,0.4466076791286469
27,4188110,14,729,301,0.9745906591415404
27,4188110,14,724,299,0.06387689709663391
27,4188150,14,732,298,0.9659657478332521
27,4188190,14,736,296,0.9715933799743652
27,4188190,14,732,295,0.13992905616760254
27,4188230,14,738,296,0.935189425945282
27,4188230,14,734,297,0.1148802861571312
27,4188270,14,739,297,0.959894359111786
27,4188270,14,744,298,0.06614294648170471
27,4188310,14,743,288,0.9775090217590332
27,4188310,14,739,290,0.12163181602954865
27,4188350,14,745,270,0.9290429949760436
27,4188350,14,749,271,0.09182456135749817
27,4188390,14,747,254,0.9881966710090636
27,4188430,14,750,241,0.9701354503631592
27,4188430,14,747,239,0.12205097824335097
27,4188510,14,753,219,0.29551437497138977
27,4188550,14,755,208,0.975820779800415
27,4188590,14,758,201,0.9848958253860474
27,4188590,14,754,201,0.24686314165592196
27,4188630,14,760,194,0.9760991930961608
27,4188630,14,755,196,0.1203874573111534
27,4188670,14,760,190,0.6625460386276245
27,4188710,14,762,186,0.9182047843933104
27,4188710,14,766,185,0.06032258272171021
27,4188750,14,764,183,0.9734178185462952
27,4188790,14,764,182,0.8278895020484924
27,4188830,14,766,181,0.8745257258415222
27,4188870,14,767,182,0.06362506002187729
27,4188910,14,773,183,0.2874830961227417
27,4189190,14,826,191,0.9095197319984436
27,4189190,14,823,189,0.08025672286748886
27,4189190,14,830,193,0.0709196925163269
27,4189230,14,836,192,0.9816750884056092
27,4189230,14,832,192,0.6266794204711914
27,4189270,14,842,195,0.9612406492233276
27,4189270,14,847,195,0.058841247111558914
27,4189310,14,853,199,0.9848577976226808
27,4189310,14,856,201,0.053922116756439216
27,4189350,14,863,203,0.9885684251785278
27,4189350,14,857,204,0.05751718580722809
27,4189390,14,871,208,0.9727740287780762
27,4189390,14,866,207,0.14793311059474945
27,4189430,14,880,214,0.9874345660209656
27,4189470,14,890,221,0.9795600175857544
27,4189510,14,900,228,0.9845342636108398
27,4189510,14,895,227,0.1192280724644661
27,4189550,14,909,239,0.06794173270463942
27,4189590,14,918,246,0.8897424936294556
27,4189630,14,932,255,0.990625262260437
27,4189630,14,935,253,0.15425832569599152
27,4189630,14,927,256,0.1235707700252533
27,4189670,14,940,266,0.9854835271835328
27,4189710,14,950,279,0.9911983609199524
27,4189710,14,955,280,0.0933479741215706
27,4189750,14,963,292,0.9842751622200012
27,4189750,14,969,292,0.2144494652748108
27,4189790,14,975,307,0.9912856221199036
27,4189790,14,980,307,0.4027929902076721
27,4189830,14,989,324,0.9916236996650696
27,4189830,14,985,322,0.2288482040166855
27,4189870,14,999,343,0.9848586320877076
27,4189870,14,1004,343,0.382005900144577
27,4189910,14,1014,361,0.9902969002723694
27,4189910,14,1010,360,0.06732676178216934
27,4189950,14,1028,383,0.9779225587844848
27,4189950,14,1034,384,0.6886467337608337
27,4189990,14,1041,403,0.9640782475471495
27,4189990,14,1037,401,0.4370761811733246
27,4190030,14,1053,428,0.9866355061531068
27,4190070,14,1069,453,0.987171471118927
27,4190110,14,1082,480,0.9851094484329224
27,4190110,14,1087,481,0.13769233226776126
27,4190150,14,1100,510,0.9921209812164308
27,4190150,14,1095,509,0.2479647994041443
27,4190190,14,1114,541,0.9905104041099548
27,4190230,14,1132,575,0.9848824143409728
27,4190230,14,1127,572,0.055238276720047004
27,4190270,14,1148,609,0.9843376278877258
27,4190270,14,1144,608,0.4586275815963745
27,4190310,14,1165,646,0.9889603853225708
27,4190310,14,1160,645,0.15537689626216888
27,4190430,14,1203,680,0.9840062260627748
27,4190470,14,1213,675,0.9899889230728148
27,4190510,14,1223,672,0.994384765625
27,4190550,14,1232,671,0.9910861849784852
27,4190550,14,1237,671,0.06876738369464874
27,4190590,14,1244,672,0.9793220162391664
27,4190590,14,1239,671,0.6929318308830261
27,4190630,14,1251,673,0.9843246936798096
27,4190670,14,1263,678,0.98489248752594
27,4190710,14,1272,683,0.9821993112564088
27,4190710,14,1277,684,0.4574962556362152
27,4190750,14,1282,691,0.9902215003967284
27,4190750,14,1287,692,0.4636017680168152
27,4190790,14,1294,701,0.9885281324386596
27,4190830,14,1307,713,0.9902218580245972
27,4190830,14,1302,712,0.10155355930328368
27,4190870,14,1310,713,0.968178927898407
27,4190870,14,1314,715,0.4464962780475617
27,4190870,14,1306,710,0.19445931911468506
27,4190870,14,1312,718,0.053980108350515366
27,4190910,14,1250,642,0.8887393474578857
27,4190910,14,1245,644,0.4633316397666931
27,4190910,14,1254,642,0.2665479779243469
27,4190910,14,1247,638,0.1706239879131317
27,4190910,14,1242,649,0.15422311425209045
27,4190910,14,1250,647,0.09067078679800034
27,4190950,14,1199,579,0.9797577261924744
27,4190950,14,1204,580,0.054702572524547584
27,4190990,14,1152,527,0.9861199855804444
27,4190990,14,1156,528,0.08153647184371947
27,4191030,14,1111,484,0.9832935333251952
27,4191030,14,1106,483,0.2634839415550232
27,4191070,14,1074,447,0.9839766025543212
27,4191070,14,1069,447,0.7315537333488464
27,4191110,14,1037,418,0.9835455417633056
27,4191110,14,1032,419,0.2315166443586349
27,4191150,14,1003,393,0.9800888895988464
27,4191150,14,1009,391,0.22379106283187866
27,4191190,14,975,375,0.9841187000274658
27,4191190,14,969,375,0.7997188568115234
27,4191230,14,946,358,0.9261652231216432
27,4191230,14,950,356,0.2374323159456253
27,4191230,14,942,356,0.13998235762119293
27,4191270,14,919,346,0.981879949569702
27,4191270,14,925,346,0.2300344109535217
27,4191310,14,897,339,0.9818358421325684
27,4191310,14,902,339,0.12618982791900635
27,4191350,14,873,332,0.9920942187309264
27,4191390,14,852,328,0.990220546722412
27,4191390,14,857,328,0.393857091665268
27,4191430,14,832,327,0.9938845038414
27,4191430,14,836,325,0.1013999730348587
27,4191470,14,815,327,0.9882155656814576
27,4191510,14,797,330,0.9197127223014832
27,4191670,14,742,315,0.8289704918861389
27,4191670,14,745,318,0.07862178981304169
27,4191710,14,733,295,0.9811858534812928
27,4191750,14,722,277,0.9930703043937684
27,4191790,14,711,261,0.9895511269569396
27,4191790,14,717,261,0.7955586314201355
27,4191830,14,702,247,0.8743290305137634
27,4191830,14,698,249,0.3397316336631775
27,4191870,14,696,238,0.8068490624427795
27,4191870,14,699,242,0.3799543082714081
27,4191870,14,694,233,0.15124911069869995
27,4191910,14,685,222,0.9913010001182556
27,4191910,14,680,222,0.12805606424808502
27,4191950,14,676,213,0.987865149974823
27,4191990,14,669,206,0.9785776138305664
27,4191990,14,664,206,0.07791630923748016
27,4192030,14,661,199,0.9871576428413392
27,4192030,14,657,197,0.09385254234075546
27,4192070,14,654,194,0.9524948596954346
27,4192070,14,649,194,0.13665086030960086
27,4192110,14,643,191,0.9905857443809508
27,4192110,14,648,191,0.11054835468530656
27,4192150,14,636,188,0.9852342009544371
27,4192190,14,630,187,0.9639262557029724
27,4192190,14,635,187,0.07341809570789337
27,4192230,14,623,187,0.9636178016662598
27,4192230,14,627,188,0.10546230524778366
27,4192270,14,616,189,0.9588145613670348
27,4192270,14,611,187,0.33419546484947205
27,4192270,14,620,187,0.07070467621088028
27,4192310,14,610,190,0.983798623085022
27,4192350,14,605,193,0.9541943669319152
27,4192350,14,601,191,0.19036835432052607
27,4192390,14,598,196,0.9651493430137634
27,4192390,14,601,198,0.20653922855854034
27,4192430,14,593,202,0.7317678928375244
27,4192430,14,610,187,0.2377530783414841
27,4192430,14,597,200,0.2233307808637619
27,4192590,14,643,214,0.05549456551671028
27,4192630,14,665,218,0.0609736479818821
27,4192670,14,683,222,0.868000864982605
27,4192750,14,725,233,0.954055666923523
27,4192750,14,729,234,0.09123449027538301
27,4192790,14,745,238,0.9853354692459106
27,4192790,14,750,238,0.0698007121682167
27,4192830,14,765,245,0.9408845901489258
27,4192830,14,770,244,0.2973826825618744
27,4192830,14,769,248,0.06575804203748703
27,4192870,14,787,253,0.9676591157913208
27,4192910,14,808,262,0.9829956889152528
27,4192910,14,814,262,0.05881505459547043
27,4192950,14,830,271,0.9773173332214355
27,4192950,14,835,272,0.2993634343147278
27,4192990,14,853,281,0.963813543319702
27,4192990,14,858,282,0.09106374531984328
27,4193030,14,877,293,0.9696640372276306
27,4193070,14,900,307,0.9841312766075134
27,4193110,14,924,320,0.9825074076652528
27,4193110,14,931,319,0.19468651711940765
27,4193150,14,947,334,0.8551933765411377
27,4193150,14,944,330,0.2520995140075684
27,4193190,14,971,351,0.10789329558610916
27,4193230,14,996,368,0.9506903290748596
27,4193230,14,992,365,0.1012817770242691
27,4193270,14,1017,384,0.7287787795066833
27,4193270,14,1022,386,0.30533134937286377
27,4702410,9,919,373,0.9936903715133667
27,4702410,9,1062,715,0.06581205129623413
27,4702450,9,908,362,0.9916650652885437
27,4702490,9,897,354,0.9903826117515564
27,4702490,9,902,355,0.25559136271476746
27,4702530,9,892,348,0.9874903559684753
27,4702530,9,887,350,0.05293281748890877
27,4702570,9,888,346,0.9771507978439331
27,4702570,9,884,344,0.11665984243154526
27,4702610,9,881,344,0.9733937382698059
27,4702610,9,887,344,0.0926908403635025
27,4702650,9,879,344,0.9827288389205933
27,4702650,9,885,343,0.16030479967594147
27,4702690,9,-1,-1,0.0
27,4702730,9,878,349,0.5225591063499451
27,4702770,9,877,334,0.9908118844032288
27,4702810,9,874,308,0.9935885667800903
27,4702810,9,879,306,0.05014974623918533
27,4702850,9,870,285,0.9839067459106445
27,4702890,9,867,263,0.9892699122428894
27,4702890,9,871,265,0.15161356329917908
27,4702930,9,866,245,0.9831961393356323
27,4702970,9,864,229,0.9803187251091003
27,4703010,9,863,215,0.9246415495872498
27,4703010,9,1067,674,0.3802218735218048
27,4703050,9,862,203,0.9707155227661133
27,4703050,9,1063,672,0.1207745373249054
27,4703090,9,-1,-1,0.0
27,4703130,9,858,183,0.9596178531646729
27,4703170,9,-1,-1,0.0
27,4703210,9,849,202,0.8646332621574402
27,4703210,9,1058,680,0.05419999733567238
27,4703250,9,844,212,0.944883406162262
27,4703250,9,848,211,0.059952106326818466
27,4703250,9,837,211,0.0564141608774662
27,4703290,9,838,225,0.946161687374115
27,4703290,9,841,227,0.06120653077960014
27,4703330,9,-1,-1,0.0
27,4703370,9,826,253,0.941548228263855
27,4703370,9,823,256,0.22555610537528992
27,4703370,9,819,260,0.11034165322780609
27,4703410,9,-1,-1,0.0
27,4703450,9,813,289,0.9755375981330872
27,4703450,9,818,288,0.30633777379989624
27,4703450,9,815,283,0.08154969662427902
27,4703490,9,810,311,0.9918341636657715
27,4703530,9,803,334,0.9948613047599792
27,4703570,9,797,360,0.9916253685951233
27,4703610,9,792,390,0.9742481708526611
27,4703610,9,787,388,0.14197419583797455
27,4703650,9,785,420,0.9791961312294006
27,4703690,9,777,455,0.9826653003692627
27,4703690,9,782,454,0.4070034623146057
27,4703730,9,770,492,0.9893631339073181
27,4703730,9,775,491,0.19588413834571838
27,4703770,9,767,532,0.9840387105941772
27,4703770,9,762,533,0.8261693716049194
27,4703770,9,877,693,0.14715269207954407
27,4703770,9,878,688,0.058700691908597946
27,4703810,9,756,576,0.9830417633056641
27,4703810,9,761,576,0.16011588275432587
27,4703850,9,751,625,0.9870020151138306
27,4703850,9,856,721,0.16354312002658844
27,4703890,9,741,675,0.988297164440155
27,4703890,9,746,677,0.07202164828777313
27,4703930,9,733,732,0.9757645726203918
27,4703930,9,739,733,0.07283326983451843
27,4703970,9,727,749,0.9922487735748291
27,4703970,9,813,807,0.8458014726638794
27,4703970,9,818,812,0.09979651868343353
27,4704010,9,723,752,0.98040372133255
27,4704010,9,813,850,0.4718022048473358
27,4704010,9,819,849,0.2910594344139099
27,4704010,9,807,848,0.21023276448249817
27,4704010,9,816,857,0.06056821718811989
27,4704050,9,715,758,0.9908096790313721
27,4704050,9,803,868,0.07460284233093262
27,4704090,9,709,766,0.9854862689971924
27,4704130,9,701,776,0.9882199764251709
27,4704130,9,731,836,0.6324023008346558
27,4704130,9,735,833,0.5324504375457764
27,4704130,9,740,830,0.2784331738948822
27,4704130,9,728,842,0.12278525531291962
27,4704130,9,726,835,0.07656574994325638
27,4704130,9,743,826,0.06839005649089813
27,4704170,9,712,756,0.8769187927246094
27,4704170,9,719,756,0.46824854612350464
27,4704170,9,708,760,0.38882121443748474
27,4704170,9,730,755,0.36507511138916016
27,4704170,9,724,754,0.23260469734668732
27,4704170,9,737,755,0.17250998318195343
27,4704170,9,745,757,0.1195569559931755
27,4704170,9,706,766,0.07829459011554718
27,4704210,9,754,676,0.8830887079238892
27,4704210,9,767,698,0.7088204622268677
27,4704210,9,767,692,0.525409460067749
27,4704210,9,766,686,0.4915575683116913
27,4704210,9,760,681,0.3582572937011719
27,4704210,9,769,683,0.21690183877944946
27,4704210,9,769,704,0.20616979897022247
27,4704210,9,750,673,0.17993004620075226
27,4704210,9,763,694,0.1214764192700386
27,4704210,9,752,681,0.09258276969194412
27,4704210,9,756,684,0.0632580816745758
27,4704210,9,756,673,0.06153059005737305
27,4704210,9,760,689,0.058682847768068314
27,4704250,9,792,600,0.9825074076652527
27,4704250,9,797,599,0.22493232786655426
27,4704250,9,820,670,0.16190022230148315
27,4704250,9,806,676,0.09736078977584839
27,4704250,9,845,661,0.08922252804040909
27,4704290,9,828,538,0.9887183904647827
27,4704290,9,844,680,0.6246436238288879
27,4704290,9,838,679,0.4774256944656372
27,4704290,9,872,690,0.42933085560798645
27,4704290,9,856,661,0.3211019039154053
27,4704290,9,849,679,0.23922577500343323
27,4704290,9,833,677,0.2256375253200531
27,4704290,9,860,659,0.12496162950992584
27,4704290,9,827,678,0.07048246264457703
27,4704290,9,854,666,0.061884090304374695
27,4704330,9,862,485,0.9868592023849487
27,4704330,9,857,485,0.08359541743993759
27,4704330,9,853,695,0.07997024059295654
27,4704370,9,886,438,0.9699632525444031
27,4704370,9,890,439,0.6642787456512451
27,4704370,9,882,436,0.22639039158821106
27,4704410,9,914,401,0.9915015697479248
27,4704410,9,829,716,0.9044310450553894
27,4704410,9,833,720,0.6846087574958801
27,4704410,9,837,725,0.47122421860694885
27,4704410,9,822,712,0.40523895621299744
27,4704410,9,817,709,0.196548730134964
27,4704410,9,840,730,0.1303529292345047
27,4704410,9,813,706,0.09633301198482513
27,4704410,9,830,711,0.06283245980739594
27,4704410,9,843,733,0.05529547855257988
27,4704450,9,939,368,0.992284893989563
27,4704450,9,944,367,0.07522547245025635
27,4704490,9,961,341,0.979649007320404
27,4704490,9,966,340,0.40288829803466797
27,4704490,9,956,344,0.1681426465511322
27,4704490,9,777,737,0.07740792632102966
27,4704530,9,982,316,0.9927131533622742
27,4704530,9,747,754,0.8145777583122253
27,4704530,9,751,750,0.21118882298469543
27,4704530,9,744,758,0.082975372672081
27,4704530,9,743,751,0.06435786932706833
27,4704570,9,1000,296,0.9911927580833435
27,4704570,9,723,765,0.8092330098152161
27,4704570,9,728,761,0.6368511319160461
27,4704570,9,1005,296,0.28863218426704407
27,4704570,9,721,771,0.2471368908882141
27,4704610,9,1017,280,0.9896174669265747
27,4704610,9,708,771,0.44200196862220764
27,4704610,9,704,774,0.35233962535858154
27,4704610,9,1022,279,0.2311278134584427
27,4704610,9,700,776,0.08976630866527557
27,4704650,9,1034,265,0.9901145696640015
27,4704650,9,675,785,0.9412192106246948
27,4704650,9,671,786,0.5506694912910461
27,4704650,9,1039,264,0.25510817766189575
27,4704650,9,681,785,0.11346326768398285
27,4704690,9,1052,255,0.9890478253364563
27,4704690,9,1046,255,0.062104981392621994
27,4704730,9,1063,247,0.9913128018379211
27,4704730,9,692,814,0.6397494077682495
27,4704730,9,688,812,0.4321604073047638
27,4704730,9,663,796,0.41790643334388733
27,4704730,9,696,817,0.29023489356040955
27,4704730,9,668,798,0.15327085554599762
27,4704730,9,684,809,0.09695516526699066
27,4704730,9,673,802,0.09342124313116074
27,4704730,9,679,807,0.09089576452970505
27,4704770,9,1077,241,0.9877967238426208
27,4704770,9,710,829,0.8935229778289795
27,4704770,9,704,827,0.18709981441497803
27,4704770,9,716,831,0.15136440098285675
27,4704810,9,1088,237,0.9836028814315796
27,4704810,9,737,842,0.7053788304328918
27,4704810,9,1093,238,0.11055333912372589
27,4704810,9,740,846,0.05673013627529144
27,4704850,9,1101,234,0.9854434132575989
27,4704890,9,1112,234,0.9843813180923462
27,4704890,9,1108,232,0.18115079402923584
27,4704930,9,1122,235,0.9864787459373474
27,4704970,9,1130,238,0.9756680130958557
27,4704970,9,1134,239,0.06138733774423599
27,4705010,9,1140,241,0.9851354956626892
27,4705050,9,1149,246,0.9816832542419434
27,4705090,9,1156,252,0.9651309847831726
27,4705130,9,1164,258,0.9882779717445374
27,4705170,9,1171,266,0.9854438900947571
27,4705170,9,1175,268,0.1162559986114502
27,4705210,9,1179,275,0.9845399260520935
27,4705210,9,899,808,0.2431144416332245
27,4705250,9,1185,282,0.1323469877243042
27,4705250,9,904,803,0.05077366530895233
27,4705290,9,1189,261,0.4123263657093048
27,4705330,9,1195,243,0.9401714205741882
27,4705330,9,1190,245,0.31766849756240845
27,4705370,9,1198,227,0.8886873722076416
27,4705410,9,1199,216,0.9044508337974548
27,4705410,9,909,772,0.15891946852207184
27,4705450,9,1184,219,0.8564879298210144
27,4705490,9,-1,-1,0.0
27,4705530,9,-1,-1,0.0
27,4705570,9,-1,-1,0.0
27,4705610,9,-1,-1,0.0
27,4705650,9,-1,-1,0.0
27,4705690,9,1091,264,0.9898797273635864
27,4705690,9,905,783,0.2854870855808258
27,4705690,9,1096,264,0.12715144455432892
27,4705730,9,1074,278,0.9787656664848328
27,4705730,9,889,777,0.47941482067108154
27,4705730,9,1078,280,0.05781303718686104
27,4705770,9,1057,292,0.9895988702774048
27,4705770,9,1062,292,0.3692631423473358
27,4705770,9,873,769,0.18564075231552124
27,4705810,9,1040,309,0.9918138980865479
27,4705810,9,1036,307,0.17404089868068695
27,4705850,9,1021,327,0.9883440732955933
27,4705890,9,1001,348,0.9766853451728821
27,4705930,9,980,371,0.9892274141311646
27,4705970,9,-1,-1,0.0
27,4706010,9,938,423,0.9860190153121948
27,4706050,9,919,454,0.9901607036590576
27,4706050,9,913,454,0.8295674324035645
27,4706050,9,762,694,0.12982602417469025
27,4706090,9,894,486,0.9905636310577393
27,4706090,9,889,485,0.29345911741256714
27,4706130,9,868,521,0.9831422567367554
27,4706170,9,843,561,0.9915260672569275
27,4706170,9,848,560,0.06522942334413528
27,4706210,9,816,602,0.9881148338317871
27,4706250,9,792,647,0.9893004298210144
27,4706250,9,787,648,0.20318268239498138
27,4706290,9,762,696,0.9870712161064148
27,4706290,9,707,722,0.08564170449972153
27,4706290,9,768,696,0.06612887978553772
27,4706330,9,741,701,0.9933512806892395
27,4706330,9,695,731,0.13690254092216492
27,4706330,9,747,701,0.11049804836511612
27,4706370,9,724,703,0.9753382205963135
27,4706370,9,680,755,0.06392104178667068
27,4706410,9,672,783,0.8543701767921448
27,4706410,9,677,784,0.2633811831474304
27,4706410,9,668,781,0.1705855131149292
27,4706450,9,681,708,0.9707104563713074
27,4706450,9,666,815,0.8763465285301208
27,4706450,9,662,813,0.4508618712425232
27,4706450,9,670,819,0.2545718252658844
27,4706450,9,687,713,0.05068447068333626
27,4706490,9,660,714,0.9944920539855957
27,4706490,9,666,844,0.3806338310241699
27,4706490,9,671,842,0.07962825894355774
27,4706530,9,636,722,0.9868784546852112
27,4706530,9,701,868,0.8988041877746582
27,4706530,9,681,857,0.705695390701294
27,4706530,9,678,853,0.3306121528148651
27,4706530,9,697,865,0.2651585638523102
27,4706530,9,677,860,0.16675511002540588
27,4706530,9,685,860,0.16168783605098724
27,4706530,9,642,722,0.12432331591844559
27,4706530,9,691,863,0.053628742694854736
27,4706570,9,615,734,0.9893654584884644
27,4706570,9,620,734,0.28363218903541565
27,4706610,9,591,748,0.9913689494132996
27,4706610,9,624,795,0.06211553141474724
27,4706650,9,583,726,0.8628511428833008
27,4706650,9,588,726,0.30947965383529663
27,4706650,9,585,730,0.05651422590017319
27,4706650,9,580,729,0.0555788017809391
27,4706690,9,599,644,0.9801417589187622
27,4706690,9,667,665,0.4891253709793091
27,4706690,9,671,666,0.18734613060951233
27,4706690,9,603,647,0.13141131401062012
27,4706690,9,670,661,0.12740090489387512
27,4706690,9,597,648,0.05272359028458595
27,4706730,9,617,578,0.9850413203239441
27,4706730,9,725,663,0.9271041750907898
27,4706730,9,612,579,0.5478754639625549
27,4706730,9,749,660,0.5062521696090698
27,4706730,9,718,664,0.25143781304359436
27,4706730,9,731,662,0.10793616622686386
27,4706770,9,625,524,0.9807764887809753
27,4706770,9,631,524,0.6960984468460083
27,4706770,9,723,684,0.4293892979621887
27,4706770,9,727,687,0.3264050781726837
27,4706770,9,720,679,0.10291635245084763
27,4706810,9,639,480,0.9897006750106812
27,4706850,9,646,444,0.9929317235946655
27,4706850,9,696,705,0.25104284286499023
27,4706850,9,640,442,0.15733754634857178
27,4706850,9,651,445,0.11118897050619125
27,4706890,9,655,415,0.9721901416778564
27,4706890,9,651,413,0.23774565756320953
27,4706930,9,661,390,0.972118616104126
27,4706930,9,659,385,0.31022414565086365
27,4706930,9,657,394,0.1141747310757637
27,4706930,9,658,707,0.07047495990991592
27,4706970,9,634,711,0.3806169331073761
27,4706970,9,638,709,0.07444612681865692
27,4706970,9,631,714,0.0556894913315773
27,4707010,9,624,709,0.6325559020042419
27,4707010,9,629,707,0.22699324786663055
27,4707010,9,619,712,0.06181361526250839
27,4707050,9,678,345,0.2934294044971466
27,4707050,9,681,339,0.06158869341015816
27,4707090,9,601,707,0.8572361469268799
27,4707090,9,596,710,0.6653868556022644
27,4707090,9,595,713,0.20505349338054657
27,4707090,9,604,705,0.19601735472679138
27,4707090,9,591,717,0.09851203858852386
27,4707090,9,588,721,0.06312331557273865
27,4707130,9,579,710,0.9809399247169495
27,4707130,9,575,711,0.33575937151908875
27,4707130,9,581,712,0.19159337878227234
27,4707130,9,585,712,0.12377471476793289
27,4707170,9,685,325,0.5809897780418396
27,4707170,9,589,718,0.22328533232212067
27,4707170,9,682,329,0.18390724062919617
27,4707170,9,685,319,0.1641523838043213
27,4707170,9,577,702,0.08648739755153656
27,4707170,9,590,720,0.06799958646297455
27,4707170,9,687,330,0.05443552881479263
27,4707210,9,-1,-1,0.0
27,4707250,9,-1,-1,0.0
27,4707290,9,-1,-1,0.0
27,4707330,9,-1,-1,0.0
27,4707370,9,694,272,0.7086923718452454
27,4707370,9,699,275,0.31277698278427124
27,4707370,9,701,279,0.06671291589736938
27,4707410,9,696,256,0.9388015866279602
27,4707450,9,697,242,0.9829796552658081
27,4707450,9,703,242,0.08120632916688919
